Term,P-value,Regulation,Category,Genes,Combined_score,Overlap
Metastatic malignant neoplasm to brain,0.8395172,Down,DisGeNET,FOXA1;ALK;CXCL8;PTEN;PIK3CG;ROBO1;RASSF1;CDH2;KIF5B;KDR;TOPBP1;CCR4;MAP2K4;ANXA1;MMP7;TNFRSF12A;PRKCA;NRG1;PROX1;EML4;ZEB2;PIK3CA;SMS;ADAM9;MALAT1;DSC2;CD44;ST6GALNAC5;CD274;FOXC1;NTN1;FZR1;ERBB4;MAPK1;CCL2;SLIT2;CASC15;ABCA1;BARD1;EGF;CAVIN3;IL31RA;PLEKHA5;BRAF;ESR1;NFKB1;MLLT11;APC;KRAS;PTX3;HPSE;NES,17.98813,52/163
"Dermatitis, Atopic",0.9999957,Down,DisGeNET,CXCL8;HTR2A;HNMT;NR3C1;GLS;UBASH3B;SMPD1;KYNU;NFKBIZ;SOX9;IL13RA2;TGM5;ROS1;CCR4;RNF111;ZNF365;EDN1;IL18;TACR1;SIRT1;TLR1;RASA1;IRF2;ERVW-1;TLR6;TLR4;IDO1;NOD1;SLC3A2;GATA3;SEC14L2;MAPK8;CCL2;MBP;PDLIM7;SOCS5;ABCA1;STAT5B;JUN;VCAM1;KIDINS220;EGF;PHF11;IL31RA;AKR1C3;BRAF;NFKB1;NELL2;KITLG;ITCH;FAP;PRKRA;MIR125B1;IL17D,3.375665e-06,54/484
Hyperuricemia,0.9999957,Down,DisGeNET,PRPSAP2;TYMS,7.841784e-07,2/72
Cystic Fibrosis,0.9999957,Down,DisGeNET,ZNF253;EHF;CXCL8;PREP;HTR2A;NR3C1;PIK3CG;ACTB;EDNRB;PLCZ1;SMPD1;DNER;SACS;ZNF569;NBN;CAST;ANXA1;SPINK1;MMP7;ANXA5;IL18;TBC1D9;NRG1;PARP9;SCNN1G;PIK3CA;ZNF436;SGK1;TLR4;EPHA3;CFI;FURIN;MRPS30;CLCN3;NT5C2;HDAC9;THBS1;SOCS2;MAPK9;MAPK8;ASIC5;ZNF629;NHS;FLNA;MAPK1;DMD;CD59;A2M;DECR1;SLC12A2;ATF7IP;TCF7L2;JUN;STARD13;IFNB1;CAV2;EGF;IL31RA;ESR1;NFKB1;SLC4A7;RCAN1;MSRA;MARCKS;SELL;SCGB3A2;GOPC;CALM1;PLCD1;MYD88;NFE2L2,3.853396e-06,71/594
Psoriasis,0.9999957,Down,DisGeNET,NCKAP1;APP;PLAT;MSMO1;ANTXR2;IGF1R;RPS6KA5;LURAP1L;KDR;SOX9;TGM5;IL13RA2;AZI2;TRIM21;RGS6;CAST;PIPOX;FNDC3A;DKK1;RUNX1;ATXN2L;SFRP4;ELMO1;IL21-AS1;SKAP2;GATA3;SEC14L2;NLN;RIC8B;BLOC1S2;ZNF148;UVRAG;JUN;VCAM1;LNPEP;NFKB1;RPE65;MIR221;ZNF816;ID1;ID4;UBE2N;PDE3A;TAB3;HPSE;NFE2L2;DDR1;DENND1B;CXCL8;TNFAIP3;PIK3CG;CYR61;KYNU;NFKBIZ;PDE4B;ELOA;POLI;CCR4;SGCG;ZNF365;EDN1;MIR99A;ANXA2;PDE4D;DNMT3A;LANCL1;IL18;SIRT1;PIK3CA;LURAP1L-AS1;CAT;IRF2;TLR6;TLR4;STK40;PLAG1;SRF;SEMA3A;MALT1;MAPK8;DNAJB4;SPP1;CCL2;MAPK1;HES1;CAMK2G;LMLN;MARCKSL1;ERAP2;ANGPT1;EGF;STAT2;PLCL2;AKR1C3;S100B;HIPK1;APC;RPS6KB1;MIR125B1;PSAT1;PRKRA;PTX3;IL17D;PLCD1,4.320411e-06,104/818
Chronic ulcer,0.7754092,Up,DisGeNET,CSF2;ITGAM;MMP13;MMP1;MMP2;ADAM12;TIMP1;S100A8;TIMP4;VEGFA,61.01858,10/15
"Pancreatitis, Chronic",0.7754092,Up,DisGeNET,GLP1R;GGTLC4P;SERPINE2;PSCA;HFE;CLDN2;GLI1;FGF1;MSLN;CLU;TNF;CXCL14;CX3CL1;ICAM1;SHH;STS;CCND1;ALDH2;MTG1;RASSF6;POTEF;IL10;MAP4K1;CPA2;CPA1;MORC4;MSX2;DUSP1;KRT8;TACR2;CEL;NGF;TNFRSF1B;F3;FOXP3;HIC1;GIP;MMP11;CRISPLD2;MZB1;HCLS1;CHI3L1;S100A4;CFB;NOTCH3;WAS;TGFA;TXN;FUT2;MUC1;P2RY6;MUC2;CUX1;ERBB3;P2RY2;ST8SIA4;APOE;PROM1;NPTX2;MUC4;NTSR1;DUOX2;GPIHBP1;MUC6;NTRK1;NGFR;GCH1;CCL20;ATP8B1;VDR;PTCH1;TFPI2;NFATC1;GCG;HSPA2;L1CAM;VEGFA;P2RX7;KRT18;RGCC;CYP24A1;FXYD3;ARTN;WNK2;LEP;APOC1;IL2RB;PNPLA3;LCN2;SDC1;CCL28,12.72688,91/302
Musculoskeletal Diseases,0.7754092,Up,DisGeNET,BMP4;P2RX7;ACE;COL5A1;VDR;MCAM;FLNB;TNF;PPARGC1B,65.98404,9/13
Aphasia,0.7754092,Up,DisGeNET,NOTCH3;PRNP;GRN;GAA;ATP1A2;MSLN;L1CAM;GRIN2A;ADAMTS2;S100A4;APOE;SLC16A2;FGFR1;PLEC,29.49874,14/27
Conjunctivochalasis,0.7754092,Up,DisGeNET,MMP1;MMP2;MMP3;TIMP1;MMP9;TNF,162.2094,6/7
UBTF ENCODE,4.415297e-17,Down,ENCODE_and_ChEA_Consensus_TFs_from_ChIP-X,ITSN2;USP6NL;NCKAP1;MAML1;DCAF5;FGFRL1;GLS;LSM11;PPP4R1;AP1S2;BBX;DIP2B;MEF2A;TYW5;ZNF281;REV1;HUS1;FRS2;PRKCA;FAM133B;DAAM1;WDR82;RFX7;CGGBP1;ASF1A;ANAPC13;SHOX2;ENDOD1;NCAPG;NEDD4L;SLAIN2;ATXN7L3B;BAZ2B;ZC3HAV1;BCL10;SKA3;RHOT1;EPB41L2;PTPMT1;MYO6;ST3GAL1;CDK17;TIPARP;RDX;EXOC6B;LNPEP;EIF2AK4;MEX3C;PHC3;ELL2;FOSL2;TMEM198;EHD1;GLUD1;PPFIBP1;AGO4;CPEB2;CPEB4;CDC42SE2;CEP57;LIN54;DENND1B;PHF2;BTG1;CDKN1B;DIS3L;VSIG10;EEA1;NIPBL;DSTYK;MED13;SMPD1;FLVCR1;ENOPH1;CNOT6L;RING1;RMI1;TCF12;BAZ1A;SIRT1;LRRC41;PHF20L1;NCOR2;KAT2B;RNF169;PELI1;GARS;ASAH1;WDR26;ZNF592;PHLPP1;STAU2;ATL1;FAM129A;FAM214A;FAM117B;PAPSS1;SSFA2;SCAF8;TMEM65;STX6;RICTOR;ZSWIM6;CEPT1;ZNF346;ANKRD50;DEDD;AAED1;YTHDF2;USP9X;YLPM1;TMEM64;HIPK1;DCBLD1;DCBLD2;TMEM60;RNF146;SNX18;ETNK1;SLMAP;CLCF1;PKN2;LGR4;CCDC71L;ZNF451;RIF1;UBE2D2;FBXO28;UBE2D3;UBE2D1;RNF19B;IRS2;CASC3;BZW2;SAT1;SMCHD1;SESN2;KPNA4;KPNA3;PHLDA1;MAP3K4;ANKRD13A;MAP3K5;FBXW4;TLE4;RAB2A;KCMF1;MAP2K4;CSNK1G3;PPTC7;FBXW7;RALGAPA1;SKIDA1;UBE2E3;ANKRD44;ATP11B;CASD1;TEX2;FBXO11;MINPP1;CLIP1;ZNF319;KAT6A;PHIP;ANKRD40;FKBP3;LRRC58;INO80D;PFKFB3;RASAL2;CORO1C;ATXN1;ATXN7;RAB6A;SOCS6;SOCS5;EIF2B5;OSBPL8;ZBTB14;OSBPL3;CEP350;DHCR24;MARCH7;NFKB1;CNOT4;MOB1B;CDK6;DMXL1;CNOT2;PLEKHM2;ZNF777;ZNF655;LRCH3;RAB5A;MCU;EIF4G2;SERINC5;NFE2L2;POMT2;RNF10;BMPR2;CPQ;AMD1;PTEN;DUSP16;KIAA1549;DUSP10;PSTPIP2;TLK2;ITGAV;TNPO1;YAF2;CCDC50;TAPT1;SECISBP2L;DNMT3A;VEZF1;PTBP2;DNAJC1;PPM1B;SOS1;SOS2;GTF2A1;GTF2A2;CEBPD;SRF;ATP10D;CEBPG;RNF38;WBP4;MALT1;TMA16;NSL1;PRIMPOL;LRP6;DNAJB2;ZNF629;ZNF746;VPS54;LRRC8D;FEM1C;ZNF623;WHAMM;LRRC8B;DRAM2;E2F5;SLC25A25;SLC12A2;SMARCE1;MGME1;MARCKSL1;SEC24B;FBXL17;FOXJ2;DDHD2;CDC42BPA;FBXL14;KLF5;APC;PSAT1;PTPN9;VEZT;AHCYL2;PANK3;CCNJ;TP53RK;PREP;CBLB;MTFR1L;ZDHHC2;NUDT4;RASSF3;SAP130;TRIM24;HABP4;EIF2A;ATP6V1G1;SLC11A2;YOD1;ACSL3;THAP2;DOPEY1;PDE12;AKAP9;FAM76B;UHRF1BP1;SIK2;EIF1B;PFN2;L3MBTL3;SLC35D1;DCUN1D1;PIK3R1;HNRNPLL;UBE2J1;TMTC4;NLN;MIER3;PCBP1;ERI2;HIST1H3F;SNX9;RAB11FIP2;PATZ1;N4BP2;N4BP1;SNX5;STAT5B;BCL11A;SYNRG;SMARCA5;HSPBAP1;GNG12;MED13L;CCDC88A;STAG2;CCSER2;ID3;RCOR3;ITM2B;TOP2B;INTS12;CSRNP2;OTUD7B;PTPRJ;WASL;SH3RF1;XPO6;ZNF800;TMED7;ZYG11B;NCOA2;PCYT1A;ATMIN;PARP2;TSC22D2;ZFX;ZDHHC14;VWA8;SLC22A23;UGDH;RHOQ;ICA1L;ZDHHC21;MRPS30;PURB;PDPR;SERTAD2;EXOSC8;SHOC2;HEATR6;MAP4K5;EPS15;MAP4K3;MAP3K1;KLHL2;PLEKHA3;SORBS1;VMP1;PER2;ITCH;DPY19L4;YIPF6;TACC1;KBTBD8;CRTC3;ZFAND5;WWC2;ARID4A;ARID4B;ACTG1;IGF1R;CNDP2;FAM3C;ARID2;PCID2;LMO4;DNAJB14;KLHL42;GPD2;HIST1H2BH;ZCCHC8;DDX6;ZCCHC6;PXK;PSMD14;GSTCD;CAMSAP2;ARHGAP12;ARHGAP21;CASKIN2;PACSIN2;NPHP3;LONRF1;SMAD4;HELQ;KLHL28;SREK1IP1;TBCC;UBE2A;ARHGAP26;SMAD5;DNMBP;GNB1;UBE2N;TAB2;BMPR1A;RERE;DYRK2;LDB1;AFF4;SENP6;MAN1A2;ZC3H7B;GATAD1;USP30;POLK;KDM6A;KLF10;USP47;ARID1A;ARID1B;TMEM2;CREB1;GFOD1;RASA1;IRF2;ZMYND11;KDM7A;IER5L;RNF6;ATP1A1;CLCN3;RNF2;ATAD2B;STRN3;MAPK9;POC1B;PDLIM5;PDLIM7;REPS1;ARFGEF1;USP24;CMTM7;USP25;CMTM3;SGTB;USP28;TTC19;ACVR2B;ACVR2A;REST;WEE1;ABHD17B;GNPDA2;KATNBL1;CDK2AP1;KRAS;NAA16,72.21007,459/1631
AR CHEA,1.123621e-12,Down,ENCODE_and_ChEA_Consensus_TFs_from_ChIP-X,APP;VEZT;EHF;TRIO;MAML2;RTCA;CBLB;LGALS3;HERC3;ARFIP1;HMCN1;SOX9;CCNL1;SOX6;TNS3;EPHA5;EPHA4;PDHX;MEF2C;FNDC3B;RFX3;ANK2;PRKCA;ACSL4;ANK3;LRRC37B;DOPEY1;AR;RFX7;CEP57L1;PARD3;MAP1B;SPARCL1;PRKD1;ANKRA2;ATF6;ZNF277;ANAPC13;MTMR2;CDCA2;FOXG1;MYCBP2;CWF19L2;PCDH15;NEDD4L;SLAIN2;BAZ2B;ZC3HAV1;BCL10;ZBTB2;UGT8;ADAMTS15;FAM171A1;RIC8B;INPP5A;RDH11;KCNMB2;VPS8;ZBED5;SNX5;ABCA1;BARD1;SRPK2;ARL14EP;STARD13;JAG1;SLC10A7;GADD45B;C9ORF152;MYO5A;FZD8;PARVA;TMSB4XP8;ELL2;PBX1;VANGL1;GLUD1;PPFIBP1;PKIA;SNAI2;SPATS2L;PSMG1;CALM1;FERMT2;FBXL7;PCSK1;PTPRR;WDR47;CCDC129;SLC7A11;WASL;ARHGAP5;RYR3;LRRC1;AKAP12;TRIM2;KIF13B;TCP11L2;ZNF365;TMC1;NCOA1;NCOA2;STARD3NL;TSC22D1;TIGD6;ELMOD2;GAB1;RGMB;ANO3;RNF144A;VWA8;SLC22A23;MMP16;MDFIC;LRRC7;CDC42EP3;DEPDC1;EXOC6;C9ORF3;PDZRN3;KIZ;TLR4;GAS7;PTGER4;ATL1;PELI2;LRRC17;FAM129A;AKAP7;PTN;TP53TG1;STX6;SC5D;CTNNA2;GPR158;CAP2;MIR99AHG;BBOX1;KLHL2;SORBS2;SORBS1;DHRS3;KTN1;HIPK2;NFIB;CENPJ;ETNK1;NEDD4;UBAP1;GOPC;APBA1;KBTBD8;FAM13B;FAM13C;DENND5B;ZFAND6;CTNND2;CAAP1;IRS2;PRDM1;IGF1R;NR3C2;LEPR;GRB10;SBF2;MAP3K4;RGS6;MAP3K5;EPM2A;TLE4;KCMF1;MAP2K4;CADPS2;KCNH5;PPTC7;LMO4;UBE2E3;SLX4IP;STX7;DIO2;NPY1R;POU3F4;FRMD3;TOM1L1;TANC1;COL4A5;TNIK;UTRN;TOX;ARHGEF26;RASAL2;AK5;SPATA5;SPATA6;LPP;RHOBTB1;RAP1B;ATXN7;PACSIN2;DRD2;RAB6A;MARK1;OSBPL9;SPECC1;UVRAG;ZBTB10;CRIM1;HMGA2;DNAJC12;ZFHX4;QKI;LRP1B;GULP1;SDK1;ARHGAP32;FER;APPBP2;NBEA;DMXL2;UST;SERINC5;LRP12;RERE;CNTNAP2;DOCK5;COLGALT2;CXCL8;THRB;BNC2;CPQ;TSEN15;PTPN21;ETFA;RND3;HEBP2;PTER;SCRN1;MAN1A2;LRRTM1;KYNU;ITGB8;LRRFIP2;UPP1;PRKG1;DACT1;KDM6A;RFC3;PPP1R12A;MMP7;PDE4D;SHROOM3;NRG2;DDX52;DCK;ETV6;EPN2;ARL4C;DNM3;ARL4A;VCAN;PALLD;DMRTA1;IL1RAPL1;IRF2;RBMS1;LCP1;ST6GALNAC3;ST6GALNAC5;RBMS3;FRRS1;PLAG1;WBP4;C15ORF41;NTN1;HDAC9;THBS1;RNF2;CYTH3;ABLIM3;KIAA0355;ERBB4;DNAJB4;RSBN1L;FEM1C;CHSY3;PDLIM5;MAPK6;KCNJ2;TRDMT1;SASH1;MAPK4;BEND6;NLGN4Y;POLR2M;IGBP1;CMTM8;USP25;WTAP;FBXL17;ATP2B1;MYO16;TBX3;HS3ST1;ACVR2A;MYO1D;MYO1E;KLF6;APC;PSAT1;PPP2R2B;SPAG1;TLL1;ZNF610;TNRC6B,54.28526,314/1095
SOX2 CHEA,2.231347e-10,Down,ENCODE_and_ChEA_Consensus_TFs_from_ChIP-X,LDLRAD4;NUDT4;GJA1;PEG10;TRIM24;GOLGA7;TNS3;EPHA4;CACNA2D1;ARRDC3;FNDC3B;FRS2;DKK1;PDE12;RFX4;MAP1B;ZW10;SKAP2;ATF4;NEDD4L;SLCO5A1;BAZ2B;ZC3HAV1;SKA2;UGT8;RIC8B;FLRT3;PDGFC;ST3GAL4;SNX9;TP53BP1;HIST1H3E;MCTS1;FZD3;JAG1;PHC1;DTNA;H3F3B;GADD45B;C9ORF152;BSDC1;MEX3C;ELL2;MLLT11;PKIA;ID2;ID1;CDK14;NRP2;BTG1;CITED2;RSF1;LRRC2;ZCCHC14;ADAMTSL1;UBL3;HEY1;NNT;EFCAB2;ENC1;ZNF280C;NEFL;CD38;RIOK2;JARID2;RALGPS2;PCYT1B;TUBB;ANO6;PROX1;DUSP6;ZDHHC14;ENAH;SLC7A5;PLSCR1;TUBB2B;BDH2;MTF2;DYNC1I2;ASAH1;ATL1;SERTAD2;PDPN;SPP1;HAS2;GPC4;CKB;LEFTY2;GPC6;ZNF585A;MAP4K4;SCD5;KLHL2;GPR1;SORBS1;SULF1;TMEM60;TMEM154;PER2;KITLG;KLHL5;GSTA4;NFIB;NEDD4;CACHD1;ZNF217;PKN2;LGR4;RIF1;FAM13C;ICE2;UBE2D3;CEP120;CTGF;CDH6;SESN3;SESN2;SACS;SMARCAD1;PLS3;SIRPA;ZNF205;PITX2;CA13;TLE4;SLC15A1;LMO4;PIPOX;ARID5B;FOXP1;ARMCX1;ELMO1;FKBP7;HIST1H2BH;HIST1H2BG;SHC4;BTF3L4;NREP;LPP;NPAS3;ARHGAP12;SOCS2;CALD1;PMAIP1;MBP;IP6K1;SLC38A2;SKIL;IVNS1ABP;TFAP2C;VTA1;CRIM1;ASNS;FOXN3;DAB1;BAMBI;CAPRIN1;TBXAS1;ZFP64;UBA3;OGT;SERINC5;ZSCAN2;MDM1;TTC23;MTCL1;CHD9;DOCK7;PTEN;CHD2;CYR61;ELAVL2;ACP6;SNAPC3;ZNF646;ITGAV;UPP1;METTL15;KLF12;DST;TNFRSF19;SHROOM3;TBC1D9;ETV6;PPM1B;SFPQ;NEMF;DNAJC6;RASA1;BCAT1;PRPS2;KDM3A;NUFIP2;CEBPD;SEMA3A;IER5L;ZBTB45;SLC3A2;HMGCR;MAT2B;TFPI;NTN1;HDAC9;PTHLH;ZBTB40;PRIMPOL;PTPRZ1;PDLIM5;SASH1;ARFGEF1;ATF7IP;USP25;MYO10;ZNF184;TBX3;HS3ST1;MYO1E;UFM1;REST;GNPDA2;CTH;KLF9;TRIM36;SPRY2;KRAS;VIM;CCDC174;TNRC6B,45.6941,228/775
SMAD4 CHEA,1.931384e-08,Down,ENCODE_and_ChEA_Consensus_TFs_from_ChIP-X,TES;GRPR;FRY;CDH8;CDC14A;AMOT;RGS2;ALCAM;ZNF608;RPS6KA2;KIF5B;NRCAM;ROS1;ANKS1B;SOX5;CUBN;PDHX;MBNL1;LIMCH1;ANKRD44;MAGI3;WDR75;PIPOX;ARID5B;UNC5C;FRMD4A;TANC1;DAAM1;PARD3;AKIP1;ELMO1;ULK2;SRSF4;TNIK;LYPD1;RASAL2;NYAP2;ARHGAP15;ADAMTS16;ATXN1;INPP5A;TSPAN8;BTBD3;MYO6;MBIP;MAP7;PACSIN2;SNX9;ZNF148;LRRC4C;RAB6A;B4GALNT3;ECT2;SLC38A2;SKIL;IVNS1ABP;DNAH12;SMAD1;STARD13;JAG1;TIPARP;FZD8;SUCO;HMGA2;ESRRG;TDRD7;MCC;ARHGAP26;PKIB;ARHGAP31;EIF5;DAB1;DNMBP;BAMBI;ID1;COL5A2;ID3;FGF12;CPEB4;PICALM;ALK;SLC44A5;CNTNAP2;SPAG17;TENM2;NRP2;BNC2;CPQ;CHD9;PTPN21;ETFA;PTPRJ;FMN2;CHD2;CYR61;SH3RF1;LRRC1;SYNE1;ROBO1;ADAMTSL1;EPB41L4A;AKAP11;SFR1;ENC1;NCK2;PMEPA1;TEAD1;EDIL3;LMCD1;ACTR3;NCOA1;ARHGEF11;EDN1;ITGA4;DST;PDE4D;ANXA5;MYOF;SHROOM3;NRG1;ARID1B;DUSP6;ETV6;ITPKB;SLC22A23;GAP43;PALLD;IMPAD1;B3GNT5;AGPS;CDC42EP3;RAPGEF1;BCAT1;ST6GALNAC3;KIZ;ITGA9;DDR2;CREB5;AMIGO2;PRICKLE2;MAT2B;SLC7A1;THBS1;PTHLH;DNAJB2;STOX2;ABLIM1;SERTAD2;MVB12B;NRIP1;NHS;LRRC8D;CD59;LRIG3;HEATR6;SASH1;USP24;ZNF462;PTPN1;ANGPT1;KCNIP4;FBXL17;PDE4DIP;KLF3;DHRS3;BICC1;PLEKHA7;TTC39B;KLF7;KLF6;MEIS1;ETNK1;KCNS3;FILIP1,37.72827,174/584
NFE2L2 CHEA,8.010836e-08,Down,ENCODE_and_ChEA_Consensus_TFs_from_ChIP-X,CHIC2;C5ORF24;EHF;MAML2;GORAB;PREP;MSANTD3;SMC5;LDLRAD4;HERC3;RNF115;GJA1;HTR7;EDNRB;DHX57;AKT3;PXDC1;KIFAP3;RBFOX2;CACNA2D1;GOLPH3L;SOX13;ANK3;SCAMP1;TIAM2;MTAP;CEP57L1;AKIP1;GSAP;SIK2;ZFPM2;ASF1A;MACF1;L3MBTL3;TBCEL;MYCBP2;TMTC3;PHYHIPL;TWIST1;TWF1;ATXN7L3B;ZC3HAV1;TMTC4;PDGFC;VPS8;ST3GAL4;ZSCAN12;ZNF148;ST3GAL1;CDK19;STARD13;JAG1;PCDH20;FZD6;DCLK2;RASSF8;NR1D2;PBX1;ICK;PSMG1;FBXL3;FAT4;C5ORF30;PYGB;BTG1;CITED2;FAM69A;GDI2;PTPRK;SLC7A11;ARHGAP5;ADO;EEA1;YAE1D1;NHSL1;UBL3;ENC1;FLVCR1;LMCD1;BBS5;ZNF365;RALGPS2;ANXA1;LRRC49;PAWR;RGMB;RGMA;ENAH;FAM210B;SLC22A23;GCFC2;MDFIC;DPYD;CDC42EP3;EXOC6;C9ORF3;TKT;SGK1;PDZRN3;DDR2;CCDC90B;SAMD5;NAPB;SYNPO2;PELI2;GCNT1;AKAP7;AKAP6;HSD17B7;RNF139;ADAM23;CTNNA1;HAS2;RICTOR;AGA;SPTSSA;GPC6;MAP4K3;CAP2;PAIP1;MAP3K1;AGL;SAMD4A;PLEKHA3;TUBE1;SORBS2;TMEM64;LHFPL2;SULF1;RANBP6;KTN1;HIPK2;VMP1;ETAA1;KITLG;GSTA4;SLMAP;KIF26B;C12ORF29;ABI1;CACHD1;YPEL5;GZF1;MEGF9;C11ORF74;ZNF330;CCNT2;FAM13C;IRS1;GOLIM4;ZBTB20;IRS2;RORB;CDH8;RGS4;CDH2;GRB10;SLC16A9;PHLDA1;MAP3K4;EPM2A;KCNH5;ANKRD44;MAGI3;IPMK;CGRRF1;MID1;TANC2;FOXP1;RAB32;TANC1;FRMD6;TXLNB;TBC1D23;UTRN;DLX2;KHDRBS3;ANKRD16;ARHGEF28;SLC41A2;GLIS3;ARHGAP18;AK5;LPP;TMEM242;EFNB2;BTBD3;UBC;PACSIN2;LRRC4C;SOCS5;OSBPL8;VTA1;NEK7;ECD;CRIM1;LAYN;MARCH7;ESR1;ARHGAP32;APPBP2;BCL6;RCAN2;TMEM117;TBXAS1;CNTN1;TCF4;GALK2;ZSCAN2;LRP12;BMPR1A;DOCK5;MCFD2;COL14A1;APIP;SLC40A1;PCTP;RND3;PIK3CG;SYNE1;DTWD1;PPP2R5E;CASP6;CEP170;SERAC1;YAF2;METTL15;PRKG1;TGIF1;KLF12;PPP1R12A;USP42;KCNAB1;PJA2;VCAN;PIK3CA;PAPD5;CAT;LCP1;PRKAA1;LAMA2;LAMA4;MAT2B;ADD3;TFPI;CYTH3;MAPK8;PLN;TMEM206;FYN;HES1;IGF2BP2;KCNJ2;SASH1;TCF7L2;PRRX1;PCDH9;ANGPT1;EYA4;CDC42BPA;MYO16;GOLPH3;MARCKS;KLF6;MEIS1;KLF5;FMNL2;KLF9;PI15;PTX3;KRAS;ASB3;TNRC6B,30.02169,273/1022
SUZ12 CHEA,2.551967e-08,Up,ENCODE_and_ChEA_Consensus_TFs_from_ChIP-X,SERPINE2;C9ORF50;ZFYVE28;HTR6;SAMD14;GJA3;DPYSL5;SOX18;FAM110C;LIPG;NKX1-2;CYP1B1;VSTM4;IER5;FAM19A3;PRKCH;UNC5B;FIBCD1;CACNA2D2;HPCAL4;RBP4;ADCY9;DAAM2;HOXB4;ASTN2;GRID2IP;COL13A1;DHH;AGAP2;GATA2;GRIN2A;CHST11;ADAMTS17;CHST15;ALX4;PROM1;RHBDL3;PROM2;ZBTB7C;WNT10A;PLK5;SRMS;FZD2;ACE;NFATC2;BTBD11;NFATC1;GRIN2C;GP5;GRIN2B;SLC16A14;FOSL1;FERMT1;FXYD7;CDKN1C;HRK;RET;MESP1;LAD1;KCNC4;PIGZ;PTH1R;PEAR1;RCSD1;SLC6A2;PRSS23;JPH4;LFNG;MRC2;SHH;JPH3;MMP28;RSPO1;DUSP2;ARG2;KCND3;RIPK4;WNT9B;PAX5;PAX2;BACE2;SLC7A8;PAX8;MMP15;OAF;TAL1;ITPKA;GAS1;GAS6;DSCAML1;CHST2;MDFI;JDP2;GRAMD1B;SEZ6;SNX33;ADCY7;TMEM163;ADCY5;EXTL1;GBX1;PLAGL1;FLNC;ZNF467;FARP1;WNT7B;ECEL1;ADAM33;BMP8A;BMP8B;WNT7A;UNCX;NMNAT2;TMEM158;SLCO3A1;TMEM54;WT1;ANKRD63;NOTUM;CRLF1;SEMA5A;SEMA5B;CSF1;HR;METRNL;CXCL14;CXCL16;FOXQ1;ADORA1;TNFRSF8;SLC39A8;PLXNC1;SLC16A2;PITX1;STK32C;CSGALNACT1;KCNH3;DGAT2;COL27A1;IGFBP4;FST;SEMA6D;IGFBP3;TPM1;VASH2;VASH1;SYPL2;HIC1;OLFM2;RAB31;C1ORF115;CACNB4;LTB4R2;SLCO2A1;PKP1;MAL;ROR2;NPTXR;PHLDB2;KANK4;OSBP2;RTN4R;SEMA7A;DLX3;KCNE3;DLX4;C3ORF70;GPR88;CHRD;FOXO6;ABHD6;AEBP1;NPAS1;CTIF;SNN;TPPP;NPTX1;IGFBP6;NPTX2;SLC38A3;RAB6B;PLXNA4;KCNF1;ATP8B1;MAFA;ABHD15;REEP1;MLXIPL;PTPRE;CXCL12;MAFB;LHX3;LHX1;ITGA11;NFE2L3;SP5;LHX6;CNIH3;SERINC2;LHX9;FLT1;ANKRD33B;ONECUT3;FLT4;LRRK1;RASGRF1;DYSF;FHL2;ELFN2;ADRA1B;ELFN1;C15ORF59;ADAMTS2;EFHD1;PLEKHG3;PIANP;GRID1;COL25A1;RTN4RL2;FOXL1;C1QL4;NGF;ADRA2B;C1QL1;RTN4RL1;HAND2;ITGA7;TNFRSF21;COL15A1;SLC24A4;SMARCD3;ZBTB46;PPM1H;SEMA3F;LRP8;NTN3;RAB20;ZNRF4;P2RY2;PCDH1;DRGX;TBX1;KCNJ4;COL26A1;KCNIP1;IRX6;NTRK3;PCDH7;IRX3;APLN;FRAS1;SYT12;MDGA1;KCNK3;SPON1;VIPR1;OXTR;CPNE7;IKZF3;HS6ST2;BAIAP2L1;RASSF2;SOX1;RASSF5;SOX8;EPHB1;SOX7;IL15RA;PAQR9;SLC6A17;KCNK15;EBF4;PAPPA;KCNQ4;BCORL1;NBL1;ZFPM1;NECAB2;ADCYAP1R1;EPAS1;RRAD;TGFA;TMTC1;SLC6A20;STRIP2;ST8SIA4;ARSI;B4GALNT1;STXBP6;CCR10;NTSR1;ATP6V1C2;NTNG1;EGR3;FAM78A;LRRN2;FOXF1;ST8SIA2;IQSEC3;IGF2;CYP26A1;OCLN;WNK2;PPP1R1B;TMCC3;MKX;CD24;VSX1;TP73;ACVRL1;PTPRU;RYR2;TENM4;CITED4;DOC2B;SLC7A10;CX3CL1;DMBX1;TNFAIP8L3;KIF1A;FOXD2;GP1BB;INSRR;NOG;KREMEN2;GFRA2;SORCS2;PITPNM3;VWA2;MAPT;FJX1;HMX2;OPRD1;RAMP2;TNXB;PTGER2;CRYBA2;GDPD5;NKD1;SERTAD4;HSF4;SUSD3;GPC5;CILP2;DISC1;GABRD;DUOX2;CA11;RFTN1;PODN;KAZALD1;CAMK4;STAC2;CDK5R2;PRDM8;GALNT12;GALNT14;GALNT16;GALNT18;C4ORF19;HOXA13;LOXL1;COMP;CCND2;BMPER;LMO1;CARD10;MSX2;SLC30A3;ATG9B;POU3F1;LOX;COL4A2;ADAM12;EEF1A2;LMX1B;ABCG4;FBLN7;PKDCC;CABP7;NPR1;NXPH4;NPR2;HTRA4;ALOX15;TMEM59L;HTRA1;DTX1;LTBP2;HOXB13;EFNA5;DTX4;NDRG1;CACNA1G;DPP4;CACNA1I;WNT6;FAM83F;SCUBE1;BRINP1;THPO;HRH2;PODXL;CDH22;WNT4;TFAP2A;SYT2;EVX1;INHBB;HSPA2;SMAD6;BMP7;BMP6;BMP4;EFNA3;FGF19;TRPV4;FEV;FGF18;SDK2;ZMYND15;MEGF11;SOWAHD;DOCK8;MAST1;TNFAIP2;ZIC2;SIX2;CA4;SIX3;CA7;SCN5A;CAMK1D;MMP9;SEPT3;SSTR5;TGFBR3;CDH13;IRF8;NAT8L;CUEDC1;SCN4B;COLEC12;HCN4;CAMK2B;LTK;NRXN2;DLL1;CYGB;DLL4;WNT11;PDLIM2;CLMP;GNG4;SPOCK2;S1PR5;HES2;LGI2;ATP2B3;ATP2B2;HS3ST6;EPOR;DES;CYP24A1;PPP2R2C;BCL6B;FAM131B;RGS10,31.92619,468/1684
EZH2 CHEA,1.654477e-05,Up,ENCODE_and_ChEA_Consensus_TFs_from_ChIP-X,HRK;ACVRL1;PTPRU;GALNT16;ONECUT3;KCNC4;ELFN2;CXCL14;ELFN1;FOXQ1;COMP;RASSF2;ZIC2;DPYSL5;SOX18;KIF1A;PLXNC1;PITX1;PRKCH;RBFOX3;SLC30A3;GRID1;FIBCD1;ADAM11;CACNA2D2;KCNK15;KREMEN2;POU3F1;ADRA2B;PAX2;TGFBR3;SLC9A5;COL4A2;LMX1B;NAT8L;ZFPM1;FJX1;TNXB;PDGFB;AGAP2;SEZ6;NRXN2;SLC6A20;HOXB13;NPAS1;NKD1;ADCY5;PHF21B;CACNA1I;WNT6;THPO;GBX1;GPC1;CDH22;FLNC;NPTX1;HES2;CCR10;PLXNA4;DRGX;KCNJ4;COL26A1;PLK5;FAM78A;WNT7B;ECEL1;WNT7A;UNCX;INHBB;MAFA;CYP26A1;OCLN;CYP24A1;P4HA2;WNK2;CAMK4;LHX1;FEV;PPP1R1B;NOTUM;CD24;CNIH3;CDK5R2;SDK2;TP73,30.62927,85/237
EZH2 ENCODE,0.2003728,Up,ENCODE_and_ChEA_Consensus_TFs_from_ChIP-X,HRK;SPON1;SLC2A4;IKZF3;SOX2;SCAMP5;TMEM221;TMEM145;MMP24;NMRK2;LIPG;NKX1-2;RBPMS2;KCNH4;UNC13A;CXADR;MYBPC2;PIANP;NUP210;NOG;WNT9B;RTN4RL2;EBF4;TYK2;ELOVL7;CYS1;C4ORF48;COX6B2;NCCRP1;F3;SHISA8;EML5;OLFM2;SLC9A5;MMP15;RGS9BP;FSCN1;BLVRB;NEIL1;RPP25;MATN3;RNF165;OSBP2;FBN3;GUCY2D;C1ORF194;PCOLCE2;GIPR;PPM1N;EBI3;PAPLN;ALOX15;LAMA3;PALM3;TGFA;CACNA1A;SNX32;C2CD4C;IQGAP2;TMEM163;NPAS1;FBLN5;TMEM121;DLL3;ADAP2;NCR3LG1;CASKIN1;KCNN1;S1PR5;KIAA0319;PLXNA4;ATP6V1C2;B4GALNT4;RTBDN;CA11;ANKRD29;COL26A1;BIK;CGN;FAM213A;PLXDC1;EPOR;GRIN2D;ETNPPL;REEP1;TTLL6;MLXIPL;GRIN3B;OCLN;FAM131B;CSPG5;MYO1F;HCN2,7.132259,93/338
GATA1 CHEA,0.9999957,Up,ENCODE_and_ChEA_Consensus_TFs_from_ChIP-X,ERRFI1;SPI1;HDAC11;ICAM2;SLC4A1;ICAM5;AQP1;ZFYVE28;LIPC;CREB3L3;RPS6KA1;ROPN1L;SLC12A7;IER5;GLUL;UNC5A;IL1R1;KRT2;FIBCD1;COL23A1;RFX2;ACSL5;GPR37L1;HSPG2;ANK1;RUNX3;UNC13D;TIAM1;CRISPLD2;DDIT4;KCNQ2;KCNQ4;ASTN2;HPD;ZFPM1;EPHA2;TSHZ2;AGAP1;GATA2;IQGAP2;GATA1;PIK3R6;ADAMTS14;CHST11;INPP5D;ST3GAL5;KCNN3;KCNN4;PPARGC1B;ST3GAL2;NFE2;MICAL2;NFATC2;NFATC1;PARVB;CCDC88B;TG;ZFAT;ACVRL1;RYR1;COL18A1;TENM4;SLC44A2;C2CD2;PTPRF;LIMD2;ANKRD9;SH3PXD2A;RAC2;CCR3;RALGPS1;CTSB;CLUL1;CHST6;KCND1;IFNGR2;SLC39A13;FOS;AMPD3;VAV2;BDH1;SLC29A1;PLCB2;SLC43A3;SLC20A1;CRIP1;RXRA;CUX1;DISC1;FAM46C;GDF15;LAPTM5;PLEKHA6;FAM213A;PDZK1IP1;MORN1;KRT19;KIF26A;DLC1;PNPLA6;RAMP1;CYB561;SCARB1;CSF3R;CSF2;CD82;ATP8A1;RAB3D;FAIM2;CMIP;TGM1;CDH1;SLCO2B1;CCRL2;CEP250;PLXNC1;BAHCC1;TGM2;KCNH2;COL27A1;CISH;C21ORF58;CD180;TPM1;FAM118A;PGC;COL4A2;EHBP1L1;ROR2;RPP25;KCNE3;FBLN2;RAP1GAP;SNN;ASIC4;HRH2;KIAA1522;CDH23;RAB6B;PLXNA4;ASIC1;NEK8;RAP1GAP2;SLC14A1;SYT2;IDH2;SLC2A9;PTPRE;COL5A1;P4HA2;NABP1;SDK2;SLC48A1;FLT1;ANKRD33B;ITGB5;CELF2;ATP2A3;ARRB1;AFF3;PITPNC1;AFF1;HK1;ALDH2;MYO18A;PLEKHG3;DNAI2;TRIM63;KSR1;MKL1;SORD;VSTM2L;COBL;SPTB;INMT;ELF3;ACTBL2;BLVRB;CUEDC1;RRBP1;TSPAN32;SH3TC2;GNA12;PTK2B;ACSS1;SH2B3;GALNT6;NOS3;PCDH7;SEMA4B;TTC39A;EPOR;MAPK13;SLC25A37;MDGA1,3.689028,195/807
MYOD1 ENCODE,0.9999957,Up,ENCODE_and_ChEA_Consensus_TFs_from_ChIP-X,RYR1;SMIM5;SMARCD3;CD82;SDC4;ATP2A1;MRGPRE;SLC2A4;LSP1;WISP1;DUSP13;PRKAG3;CHRND;ABLIM2;C10ORF105;ANXA6;XIRP1;TMEM109;SCN5A;PPFIA4;SLC37A2;EGLN3;TNFSF15;LRBA;MYBPH;CMBL;MAFA;RUNDC3A;IGFN1;CACNB1;FMNL3;TTC9;TPPP3;JSRP1;SYNPO2L;TNNT1;TNNT3;TMEM119;PCYOX1L;CDH15;ESYT1;RAPSN;TRIM55;ASF1B,3.352753,44/166
regulation of transcription by RNA polymerase II (GO:0006357),0.3351075,Down,GO_Biological_Process_2021,ATF2;EHF;MAML2;MAML1;ZNF292;BACH1;SOX21;ZXDA;ZXDB;NAMPT;CREB3L2;BBX;SUPT20H;HOXA5;RNF111;MEF2A;ZNF18;MED1;MEF2C;ZNF285;ZNF281;SOX13;RFX3;SOX11;HCFC2;ZNF14;DKK1;AR;RFX7;RFX4;ZSCAN21;PRKD1;ATF6;ATF3;CGGBP1;ATF4;ZNF397;ZNF155;ZNF396;CTBP2;SHOX2;MYNN;NEDD4L;ZNF22;BAZ2B;GATA3;ZNF24;ZNF25;PRDM16;MYO6;ZSCAN12;CGA;ZNF148;ZSCAN16;PPARGC1A;ZNF268;ZNF267;ZNF146;JUN;JAG1;ZNF383;ZNF382;ZNF260;NR2F1;POU6F2;NR1D2;NR1D1;INO80;PBX1;FOSL2;SOX30;TADA2B;AGO3;AGO4;AGO1;SNAI2;ZNF136;ZNF256;HOXD8;ZNF134;ZNF254;PHF2;GTF2H2C;ZNF251;ZNF490;BHLHE41;ZNF44;EFCAB7;NIPBL;MED13;HEY1;ZNF41;ELOA;TEAD1;ZIK1;ZNF484;BRD2;ZNF362;RIPK2;TCF12;TET2;TET1;BAZ1A;SIRT1;PHF20L1;NCOR2;KAT2B;PLSCR1;ZEB2;NCOR1;MTF2;PAX9;TET3;RARB;ZNF234;RNASEL;ZNF518B;ZNF518A;BCLAF1;ZNF229;PLAGL2;ZNF107;ZNF227;ZNF225;ZNF343;ZNF222;ZNF462;ZNF461;USP9X;STAT2;NR1H4;ELP3;GTF2H5;HIPK2;ZNF71;NFIB;ZNF74;ZNF217;ZNF699;ZNF333;GZF1;ZNF211;ZNF451;CCNT2;ZNF570;RIF1;CCNT1;UBE2D3;ZBTB26;UBE2D1;ZBTB20;RORB;FGF2;DACH1;ZFP30;SALL3;ZNF569;ZNF205;ZNF689;KMT5A;PITX2;ZNF322;ZNF442;ZNF441;ZNF320;ZNF561;ZNF681;ZBTB38;ZBTB37;ZBTB34;MITF;ZBTB33;FOXP1;KAT6A;ZNF319;ZNF439;ERF;ZNF436;PHIP;ZNF677;TOX;ZNF433;ZNF674;DLX1;DLX2;ZNF670;DLX5;TNKS;DLX6;GLIS3;NPAS3;ATXN1;TTC21B;ZKSCAN8;ZKSCAN3;ZNF669;ABL1;ZKSCAN2;ZNF426;ZNF425;ZNF304;ZNF546;ZKSCAN4;SKIL;MAP2K5;AKIRIN2;ZBTB17;ZBTB14;ZBTB10;ESRRG;NFKB1;BCL9;DAB2;BCL6;ZNF419;CDK4;CNOT2;ZFP64;ZNF416;ZNF658;ZNF536;ZNF777;ZNF776;ZNF655;SP140L;ZNF654;OGT;SP9;ZNF773;ZNF772;NFE2L2;RNF10;BMPR2;AKAP8L;PTEN;ZFP82;ZNF408;ZNF649;NCK2;ZNF644;ZNF641;ACTR3;PPP1R12A;CHUK;DNMT3A;VEZF1;ZNF75D;TFDP3;DMRTA1;TRAF6;LCOR;ZNF513;LCORL;ZNF510;ZNF630;HDAC5;CEBPD;PLAG1;SRF;ZBTB49;CEBPG;ZBTB45;HDAC8;HDAC9;ZBTB41;LRP6;ZBTB40;IFI16;ZNF629;ZNF627;ZNF746;ZNF625;RBBP8;ZNF623;E2F5;ZNF620;FNIP2;IRX1;SMARCE1;PRRX1;FOXJ2;CDC5L;KLF3;TBX3;KLF7;KLF6;KLF5;ZNF616;ZNF615;KLF9;ZNF614;ZNF613;TRIM37;ZNF853;ZNF610;TNRC6A;TNRC6B;APP;CCNH;JMJD1C;RPS6KA5;EDNRB;ZNF608;ZNF606;SAP130;ZNF724;DPF2;EPC1;ZNF844;TRIM27;SOX9;CCNL1;SOX6;SOX4;SOX5;ACVR1;RUNX1;THAP3;THAP5;ZFPM2;BEX1;TSHZ3;TXK;FOXG1;TWIST1;PIK3R1;ZBTB2;PGBD1;BRIP1;ZNF827;MIER3;PCBP1;DHX36;MIER1;ZBED1;ZNF821;TP53BP1;PATZ1;ZBED3;STAT5B;WWTR1;BCL11A;SMARCA5;PARP15;MED13L;ZBTB6;ZNF816;ID2;ZNF813;ID1;ID4;CREBRF;ID3;RBAK;RCOR3;CSRNP2;TENM2;CSRNP3;CITED1;CITED2;OTUD7B;RSF1;WASL;ZMYM5;AASS;NCOA1;NCOA2;EDN1;ATMIN;IL18;PROX1;PARP9;ZHX1;ZFX;RGMA;TOX3;NFX1;ZNF780A;TLR4;TLR3;RHOQ;YAP1;FOXC1;ZNF3;ZNF8;TRAK1;ARNTL2;PURB;RXRB;HSF2;HDX;ZNF585A;PURG;RTRAF;ARNT2;IFNB1;NFYC;PER2;PER1;NEUROG2;ZFP28;ZNF354B;FOXA1;CRTC3;PRDM4;KDM1B;ZSCAN9;WWC2;ARID4A;ARID4B;NUCKS1;PRDM1;NR3C1;CARF;NR3C2;ZNF81;POGZ;ARID5B;KCTD1;POU3F2;POU3F4;ZNF91;ZNF93;FIZ1;HDGFL3;UBC;TFAP2B;SMAD1;TFAP2C;SMAD4;ECD;HMGA2;ZFHX4;ESR1;SMAD5;BMP5;JMY;PHF14;TCF4;BMPR1B;ZSCAN2;BMPR1A;THRB;LDB1;THRA;HMGB3;NR2E1;CHD2;CHD1;TRPS1;DACT1;TGIF1;KDM6B;KLF10;KLF12;ARID1A;ARID1B;ETV6;KLF17;ELF1;SFPQ;RBL1;CREB1;ELF4;CRY2;IRF2;KDM7A;IRF9;CREB5;KDM3A;CAMK2D;ZNF197;HLF;TAF9;DDX20;MOSPD1;RNF2;ATAD2B;NRIP1;HES1;ZNF286A;ZNF189;IGBP1;TCF7L2;ZNF184;TBX19;ACVR2B;ACVR2A;REST;MEIS1;TEF;LPIN2;RBMX,10.61291,493/2206
neuron projection morphogenesis (GO:0048812),0.3351075,Down,GO_Biological_Process_2021,APP;NCKAP1;BRSK1;GPM6A;CNTNAP2;NLGN1;TRIO;ROCK1;CTNND2;ATL1;PLPPR4;DOCK7;PTEN;LRP4;WASL;NYAP2;ACTB;ALCAM;SLITRK2;FLRT3;MAP2;BTBD3;EPB41L3;SLITRK6;NRCAM;CTNNA2;DRD2;PAK3;ZNF365;MAP4K4;MEF2A;ANK3;EIF2AK4;S100B;MYO16;SHTN1;KLF7;TAOK3;MAP1B;PARD3;TAOK1;TNIK;SGK1;DBN1;GAS7,16.49296,45/140
ventricular septum morphogenesis (GO:0060412),0.3351075,Down,GO_Biological_Process_2021,ROBO2;ACVR1;SMAD4;BMPR2;CITED2;SOX11;PROX1;ROBO1;HEY1;HES1;SLIT2;ZFPM2;SOX4;BMPR1A,34.15642,14/28
regulation of mesenchymal stem cell differentiation (GO:2000739),0.3351075,Down,GO_Biological_Process_2021,PDGFRA;REST;LTBP3;SOX9;SOX6;SOX5,200.9606,6/7
synapse organization (GO:0050808),0.3351075,Down,GO_Biological_Process_2021,APP;GPM6A;NLGN1;CTNND2;ZC4H2;PTEN;LRP4;ARHGAP39;CDH2;SLITRK2;FLRT3;DNER;SLITRK6;NRCAM;APBB2;GPC4;DRD2;LRRC4C;PAK3;GPC6;PPFIA2;CAST;KIRREL3;UNC13B;NLGN4X;RAB39B;PCDHB14;PCDHB13;ANK3;PCDHB11;DKK1;PCDHB10;DNM3;SDK1;PPFIBP1;REST;PCDHB2;NEDD4;PCDHB16;PCDHB9;PDZRN3,16.12889,41/126
extracellular matrix organization (GO:0030198),4.316804e-09,Up,GO_Biological_Process_2021,COL16A1;ITGA2B;ICAM2;SCX;LOXL4;ICAM5;LOXL1;ICAM1;LOXL2;COMP;CAPNS2;CDH1;CREB3L1;CYP1B1;SLC39A8;COL27A1;COL23A1;SERPINF2;P3H2;P3H1;HSPG2;ADAM15;COL4A2;LOX;COL4A4;ADAM12;COL8A2;ADAM8;COL13A1;KLK5;PDGFB;HTRA1;PDGFA;ADAMTS12;NID2;ADAMTS10;KLK7;FBLN5;ADAMTS14;ADAMTS13;SCUBE1;ADAMTS17;SERPINH1;ELANE;COL5A1;P4HA1;P4HA2;COL5A3;ITGA11;COL20A1;COL9A3;COL9A2;TGFBI;ITGB1;COL18A1;ITGAM;ITGB5;LAMC3;ELN;ITGB2;LAMC2;CTSV;ITGAL;MMP25;ADAMTS2;MMP24;SH3PXD2A;ADAMTSL4;CTSK;ADAMTSL2;MMP28;ITGAX;QSOX1;ITGB7;MADCAM1;TIMP1;TPSAB1;ADAMTS9;COL25A1;ITGA3;MMP1;MMP2;MMP3;BGN;MMP9;MMP11;KIF9;MMP14;MMP13;ITGAD;MMP15;COL6A2;COL6A1;MATN1;PECAM1;MMP19;COL6A3;ITGA7;CD47;ITGA5;GAS6;MATN3;PLEC;LAMA5;COL15A1;TMPRSS6;LAMA1;PAPLN;LAMA3;CAPG;THSD4;ACAN;HAS1;SPOCK2;COL26A1;LAMB3;COL3A1;COL7A1;AGRN,67.33998,119/300
external encapsulating structure organization (GO:0045229),2.029025e-07,Up,GO_Biological_Process_2021,ITGB1;COL18A1;COL16A1;ITGAM;ITGB5;LAMC3;ELN;ITGA2B;ITGB2;ICAM2;LAMC2;ICAM5;ITGAL;LOXL1;ICAM1;COMP;TGM1;MMP25;ADAMTS2;MMP24;SH3PXD2A;ADAMTSL4;CDH1;ADAMTSL2;MMP28;ITGAX;SLC39A8;ITGB7;MADCAM1;ADAMTS9;COL27A1;ITGA3;MMP1;MMP2;COL23A1;MMP3;BGN;HSPG2;MMP9;MMP11;MMP14;MMP13;ADAM15;COL4A2;LOX;ITGAD;MMP15;COL4A4;COL6A2;ADAM12;COL6A1;COL8A2;MATN1;PECAM1;MMP19;COL6A3;ITGA7;CD47;ITGA5;MATN3;LAMA5;COL15A1;COL13A1;LAMA1;PAPLN;LAMA3;PDGFB;PDGFA;ADAMTS12;NID2;ADAMTS10;FBLN5;THSD4;ACAN;ADAMTS14;ADAMTS13;SPOCK2;ADAMTS17;LAMB3;HRNR;COL3A1;COL5A1;COL5A3;COL7A1;ITGA11;COL9A3;COL9A2;TGFBI;AGRN,59.3603,89/217
extracellular structure organization (GO:0043062),6.608438e-07,Up,GO_Biological_Process_2021,ITGB1;COL18A1;COL16A1;ITGAM;ITGB5;LAMC3;ELN;ITGA2B;ITGB2;ICAM2;LAMC2;ICAM5;ITGAL;LOXL1;ICAM1;COMP;MMP25;ADAMTS2;MMP24;SH3PXD2A;ADAMTSL4;CDH1;ADAMTSL2;MMP28;ITGAX;SLC39A8;ITGB7;MADCAM1;ADAMTS9;COL27A1;ITGA3;MMP1;MMP2;COL23A1;MMP3;BGN;HSPG2;MMP9;MMP11;MMP14;MMP13;ADAM15;COL4A2;LOX;ITGAD;MMP15;COL4A4;COL6A2;ADAM12;COL6A1;COL8A2;MATN1;PECAM1;MMP19;COL6A3;ITGA7;CD47;ITGA5;MATN3;LAMA5;COL15A1;COL13A1;LAMA1;PAPLN;LAMA3;PDGFB;PDGFA;ADAMTS12;NID2;ADAMTS10;FBLN5;THSD4;ACAN;ADAMTS14;ADAMTS13;SPOCK2;ADAMTS17;LAMB3;COL3A1;COL5A1;COL5A3;COL7A1;ITGA11;COL9A3;COL9A2;TGFBI;AGRN,53.62138,87/216
collagen fibril organization (GO:0030199),0.002881305,Up,GO_Biological_Process_2021,COL18A1;COL15A1;COL16A1;COL13A1;LAMA3;LOXL4;SCX;LAMC2;LOXL1;LOXL2;ADAMTS2;ADAMTS14;SERPINH1;CYP1B1;COL26A1;COL27A1;LAMB3;COL25A1;COL23A1;SERPINF2;P3H2;P3H1;COL3A1;COL4A2;LOX;COL5A1;P4HA1;P4HA2;COL4A4;COL6A2;COL5A3;COL7A1;COL6A1;COL8A2;COL20A1;COL6A3;COL9A3;COL9A2;PLEC,36.98523,39/89
striated muscle contraction (GO:0006941),0.03969289,Up,GO_Biological_Process_2021,MYLK2;RYR2;ATP1A2;RCSD1;PVALEF;SLC8A1;TNNI1;MYH14;TNNI2;TNNI3;NOS1;SCN5A;SCN1B;KCNH2;GAA;TPM1;JSRP1;TNNT1;MYL3;TNNT3;STAC2;TCAP;ALDOA;SCN4B;SCN2B,31.24177,25/54
filopodium (GO:0030175),0.04239284,Down,GO_Cellular_Component_2021,RIPOR2;GPM6A;TENM2;VCAM1;ITGB3;RDX;TWF2;TWF1;UNC5C;ANTXR1;ACTG2;SYNE2;MTM1;SHTN1;GAP43;KITLG;MAP2;RUFY3;PDPN;ITGAV;DMD;LCP1;UTRN;FGF13,27.06832,24/58
filopodium membrane (GO:0031527),0.1001527,Down,GO_Cellular_Component_2021,GAP43;ITGB3;PDPN;DMD;ITGAV;UTRN;ANTXR1;SYNE2,63.62205,8/12
actin cytoskeleton (GO:0015629),0.1009931,Down,GO_Cellular_Component_2021,WDR1;WIPF1;IFIT5;FMN2;WASL;PPP1R9A;ACTB;ACTG1;AMOT;RND1;AKAP13;SIPA1L1;OPHN1;CDH2;PSTPIP2;CFL2;SH3PXD2B;PLS3;TOPBP1;ACTR3;GAS2L3;ANXA1;PPP1R12A;TPM4;SWAP70;PAWR;SHROOM3;SHROOM4;CTTNBP2NL;PALLD;CDC42EP3;MYADM;ANG;HAP1;LCP1;EPHA3;DBN1;RHOQ;DDR2;GAS7;MACF1;CD274;PLEKHH2;SYNPO2;TWF2;TWF1;NEXN;CNN3;CORO1C;ARHGAP21;ABLIM1;ABLIM3;CALD1;CNR1;ARSJ;MYO6;ABL1;STK38L;FLNA;ABL2;LPXN;PDLIM5;ZNF268;PDLIM7;SVIL;VCAM1;RDX;MYO5A;KLHL2;DSTN;PARVA;SORBS2;AIF1L;KLHL20;MYO1D;MSRA;ARHGAP32;MYO1E;FER;MARCKS;MYO5B;ZNF74;SPRY2;FILIP1;INTS6,11.13805,85/316
cytoskeleton (GO:0005856),0.2083378,Down,GO_Cellular_Component_2021,FHOD3;RIPOR2;WIPF1;IFIT5;ACTB;ACTG1;RASSF1;OPHN1;CFL2;KIFAP3;GAS2L3;TPM4;SWAP70;TMOD2;ANK3;EML1;GTF2F2;FRMD3;SHTN1;CLIP1;FRMD5;FRMD6;AKAP9;PPP1R42;TNIK;FAM161B;UTRN;EPHA3;ZNF397;EXD2;CD274;MACF1;SHMT2;TWF1;SLAIN2;DDX60;RHOBTB1;CORO1C;CNN3;EPB41L5;ARHGAP21;ATXN7;CALD1;EPB41L2;ARSJ;EPB41L3;MYO6;ABL1;MAP7;ABL2;STK38L;ZNF268;MARK1;DTNA;MYO5A;DSTN;TBCC;PARVA;AIF1L;KLHL20;MSRA;ARHGAP32;FER;SESTD1;MYO5B;NF2;INTS6;NES;SNAP25;TENM1;DYRK4;DYRK2;MTCL1;MAST2;FMN2;WASL;PPP1R9A;BICD1;RND3;SYNE2;RND1;TUBA1C;AKAP13;TUBA1B;EPB41L4A;TUBA1A;SIPA1L1;DBT;TOPBP1;ACTR3;OVGP1;PPP1R12A;DST;RIPK2;TRPC4;CEP295;TUBB;PAWR;SHROOM3;PJA2;SHROOM4;CTTNBP2NL;DNM3;TUBB2B;PALLD;CDC42EP3;CDC42EP1;ANG;HAP1;LCP1;SAXO1;MAPRE2;DBN1;DDR2;ROCK1;SYNPO2;ZBTB49;DDX20;NEXN;ADD3;JAKMIP2;ABLIM1;ABLIM3;CNR1;FLNA;MAPK1;IGF2BP2;PDLIM5;PDLIM7;SVIL;STN1;MCF2;KLHL2;SORBS2;KLHL4;CDC42BPA;MYO1D;MYO1E;MARCKS;TAOK1;ZNF74;SPRY2;FILIP1;PKN2;VIM,8.185553,145/600
cell-cell junction (GO:0005911),0.2083378,Down,GO_Cellular_Component_2021,BMPR2;WDR1;CTNND2;ITGB3;PTPRJ;PTPRK;ACTB;FGFRL1;VSIG10;CDH8;ACTG1;RND1;TMEM47;CDH6;GJA1;CDH2;HMCN1;KIRREL3;ANXA1;ANXA2;TRPC4;MAGI3;MAGI2;GAB1;SHROOM3;FRS2;FRMD4A;SHROOM4;RAP2C;FRMD5;RAP2B;PARD3;CDH10;MYADM;PKP2;CDH12;CDC42EP1;RAPGEF2;DSC2;USP53;TWF1;LIN7A;LIN7C;CNN3;RAP1B;CYTH3;FLRT2;EPB41L3;CTNNA1;FLNA;CTNNA2;ECT2;PDLIM5;PAK2;PDLIM7;JAG1;CADM1;SORBS1;KLHL24;WTIP;CDC42BPA;TJP1;IGSF11;MYO1E;DNMBP;APC;FAT1;PKN2;NECTIN3;FERMT2;EIF4G2;LIMS1,9.072536,72/271
collagen-containing extracellular matrix (GO:0062023),1.108783e-08,Up,GO_Cellular_Component_2021,SPON1;TPSB2;COL16A1;SERPINE2;F13A1;CLU;LOXL1;ICAM1;LOXL2;COMP;EFEMP2;TNN;HMCN2;TGM2;COL27A1;COL23A1;FIBCD1;SERPINF2;P3H2;ADAM11;P3H1;PCOLCE;HSPG2;BCAM;SLPI;COL4A2;COL4A4;COL8A2;SERPING1;PRTN3;S100A4;S100A9;S100A8;FLG;SEMA7A;COL13A1;PDGFB;HTRA1;LTBP4;FBLN1;LTBP2;AEBP1;FBLN2;NID2;ADAMTS10;FBLN5;SERPINH1;APOE;ELANE;S100A10;AMBP;RARRES2;PRG2;SSC5D;L1CAM;HRNR;CXCL12;COL5A1;CILP;COL5A3;COL20A1;COL9A3;CSPG4;COL9A2;TGFBI;FGFR2;COL18A1;SERPINA1;TINAGL1;LAMC3;ELN;LAMC2;SERPINA5;SHH;ADAMTSL4;MDK;MMP28;ANXA6;CTSH;TIMP3;ANXA8;EMILIN1;CTSF;SOST;FGFBP3;TPSAB1;CTSD;ADAMTS9;CTSB;SBSPON;EGFL7;COL25A1;MMP2;BGN;APOA4;F3;MMP9;F7;COL6A2;COL6A1;MMRN2;MATN1;VWA1;CDH13;COL6A3;VWA2;ANGPTL4;CRELD1;ZP3;MATN3;MATN2;LRRC15;LAMA5;COL15A1;TNXB;LAMA1;LAMA3;NTN5;PRELP;ITIH1;THSD4;NTN3;THBS3;ACAN;CLEC3B;MUC2;GPC1;ANGPT4;COL26A1;LAMB3;GDF15;F12;PODN;KAZALD1;COL3A1;FRAS1;COL7A1;AGRN,51.05762,138/380
integral component of plasma membrane (GO:0005887),8.658798e-05,Up,GO_Cellular_Component_2021,CNTFR;RXFP4;SLC4A1;CLDN1;HTR6;GJA3;GJA5;CMKLR1;CXADR;CEL;CLDN4;BCAM;CLDN3;ADCY9;TYRO3;ORAI1;HPN;CLCNKB;CLCNKA;GRIN2A;GALR2;NPBWR2;FLRT1;ST3GAL5;PROM1;PROM2;JAG2;GPR17;NGFR;ST14;GRIN2C;GP6;GRIN2B;GP5;MYMK;SLC16A14;GRIN2D;SLC16A13;MYMX;GJB4;FXYD3;FXYD2;RET;PIGR;KCNC3;KCNC4;GPR20;PTH1R;LRRC32;SLC6A1;ABCC11;SLC6A2;ASGR1;FCRLB;MMP24;C1QTNF1;KCND1;TPSG1;KCND3;FCRL6;IFNGR2;ROM1;TACR2;SLC39A14;MMP14;GPRC5A;SLC7A7;SLC7A8;SLCO4A1;GPRC5C;HBEGF;PLPPR2;PLPPR3;PTAFR;KCNA7;ADCY7;ADCY5;CHRND;GPR151;HAS1;IL12RB1;IL12RB2;GOLM1;KCNB1;ECEL1;LAPTM5;GPR4;GPR3;SLCO3A1;ADGRL1;LGR6;ADGRL3;SLC28A3;KCNG2;CSF3R;GPR68;CHRM4;NCF4;TNF;SLC8A1;SLC8A2;MAEA;SLCO2B1;ADORA1;SLC16A8;SLC39A8;PLXNC1;SLC16A2;SLC16A3;SLC39A4;SLC16A5;KCNH2;SEMA6B;KCNH3;KCNH4;KCNH6;SEMA6D;ATP11A;MAG;OBSCN;LTB4R2;SLCO2A1;ADAM8;ROR2;TRABD2B;RHCE;TRABD2A;RTN4R;CSF1R;SEMA7A;SLC26A2;NOTCH4;GPR88;ITPR3;SLC9A1;CLCA2;PLXNA1;SLC38A3;SLC38A5;PLXNA4;KCNF1;SLC14A1;ATP8B1;TNFRSF9;HTR1D;NOXA1;CSPG5;PLXNB2;CSPG4;SLC26A6;KCNK5;KCNK6;FLT1;GAL3ST1;FLT4;ADRA1B;TSPAN11;TSPAN10;SPN;SLC13A2;SLC13A4;COL25A1;AVPR2;HTR3A;KCNAB2;KCNAB3;ADRA2B;TNFRSF1A;PECAM1;TNFRSF25;TNFRSF21;SLC24A4;LRP1;SEMA3G;SEMA3F;IL2RG;TSPAN32;P2RY8;P2RY6;P2RY2;BSND;PCDH1;KCNJ4;NTRK1;SLC12A3;SEMA4A;KCNIP1;KCNJ11;SEMA4D;NTRK3;PCDH7;TIE1;KCNIP3;SEMA4B;KCNJ14;TSPAN16;P2RX7;TSPAN15;P2RX6;TSPAN13;P2RX3;TSPAN18;P2RX1;IL2RB;KCNK3;EPHB6;OXTR;VIPR1;NPFFR1;VIPR2;ICAM2;AQP6;ICAM5;ICAM1;IL27RA;AQP1;VSIG2;EPHB2;EPHB1;EPHB4;SCN1B;IL1R1;SLC11A1;KCNK15;SLC6A12;KCNK16;SLC6A11;KCNK17;ADGRB2;ADGRB1;KCNQ2;KCNQ4;EPHA1;PLPP3;PLPP2;EPHA2;ADCYAP1R1;EPHA10;SDC4;LPAR2;MST1R;SLC6A20;CD79B;TRPM2;TSPAN9;TSPAN4;KCNN1;RCE1;KCNN4;TRPM5;TSPAN1;CCR10;NTSR1;TNFSF15;LRRN4;PILRB;MARCO;SDC1;SLC22A7;CD22;SCN2B;CD320;ACVRL1;RYR1;PTPRU;RDH8;PTGDR2;GRIK4;SLC7A10;PTPRF;STAB1;FFAR2;FFAR1;CD34;CCR3;CCR2;FCER1G;AVPR1B;GP1BB;INSRR;IL17RB;AJAP1;ANO1;NCR3;B3GNT3;CD47;CD46;OPRD1;RAMP2;GUCY2D;SLC20A1;PTGER2;SLC43A1;KISS1R;GABRE;GABRD;DUOX2;GABRQ;GRIN1;XG;AXL;ESYT3;RAMP1;IL18R1;CD82;CD81;HFE;TMEM266;SIT1;CCRL2;PDGFRB;ABCG8;IL4R;SCARA5;SLC30A3;ATP1B2;TMEM130;PROCR;SCNN1D;SCNN1A;CD300C;CHRNA4;NPR2;SLC1A1;C5AR1;CSF2RB;ADRB2;FUT1;AGER;CACNA1H;CACNA1G;CACNA1I;EFNB1;ADGRG1;CALHM1;KCNV2;ASIC4;CALHM2;EFNB3;HRH2;PODXL;ADGRG5;ADGRG6;ASIC3;ASIC1;OPN4;CAV3;TRPV2;SLC52A1;TRPV3;CALHM3;TRPV4;FGFR4;FGFR2;FGFR1;GLP1R;ADGRE1;GRM4;ADGRE5;BDKRB2;BDKRB1;SCN5A;PTGIR;ABCC5;SSTR2;SSTR3;SSTR5;TGFBR3;CDHR1;CDHR2;SCN4A;CDH16;SCN4B;LTK;NPY4R;ATP1A3;ATP1A2;DLL1;CLCN1;MUC1;ERBB3;PRRG2;TAS1R3;MUC4;S1PR4;ATP2B3;ATP2B2;EPOR;CD4;CD6;HCN2,19.99456,391/1454
keratin filament (GO:0045095),0.003554051,Up,GO_Cellular_Component_2021,KRT71;KRT82;FAM83H;KRT18;KRT4;KRT3;FBF1;KRT14;EPPK1;KRT5;KRT84,105.0396,11/15
intermediate filament (GO:0005882),0.01044639,Up,GO_Cellular_Component_2021,DSP;KRT71;FLG;KRT82;KRT4;KRT3;KRT2;FBF1;KRT8;KRT7;KRT5;KRT75;EVPL;PPL;KRT84;FAM83H;NCKIPSD;KRT18;KRT16;KRT14;PKP1;EPPK1;PLEC,28.34829,23/50
NMDA selective glutamate receptor complex (GO:0017146),0.01123484,Up,GO_Cellular_Component_2021,GRIN2A;GRIN3B;PTK2B;GRIN2C;GRIN2B;GRIN1;GRIN2D,224.9526,7/8
RNA polymerase II cis-regulatory region sequence-specific DNA binding (GO:0000978),0.05476909,Down,GO_Molecular_Function_2021,ATF2;EHF;BACH1;SOX21;CCAR1;ZNF606;CREB3L2;TRIM24;ZNF724;SOX9;SOX6;HOXA5;SOX4;SOX5;MEF2A;ZNF18;MEF2C;ZNF285;ZNF281;SOX13;RFX3;SOX11;RUNX1;AR;RFX7;RFX4;ZSCAN21;ZNF713;ATF6;ATF3;ATF4;ZNF155;ZNF397;ZNF396;ZNF273;MYNN;TWIST1;GATA3;ZNF24;ZBTB2;PGBD1;DHX36;PRDM16;ZBED1;ZSCAN12;ZNF821;ZNF148;PATZ1;ZNF268;ZSCAN16;ZNF267;ZNF146;STAT5B;JUN;ZNF383;ZNF382;ZNF260;BCL11A;NR2F1;POU6F2;NR1D2;NR1D1;PBX1;FOSL2;SOX30;ZBTB6;ZNF816;ZNF813;SNAI2;ZNF136;ZNF256;ZNF134;ZNF254;ZNF253;ZNF251;ZNF490;BHLHE41;HEY1;ZNF41;ZNF280C;TEAD1;ZIK1;ZNF484;ZNF362;TCF12;PROX1;ZEB2;PAX9;RARB;ZNF780A;ZNF234;FOXC1;ZNF8;ARNTL2;RXRB;HSF2;ZNF229;ZNF107;ZNF227;ZNF225;HDX;ZNF222;ZNF585A;ZNF100;ARNT2;ZNF461;ZNF460;STAT2;NFYC;NR1H4;PER1;ZNF71;NFIB;ZNF74;ZNF217;ZNF699;ZNF333;NEUROG2;GZF1;ZNF211;ZFP28;ZNF354B;FOXA1;ZNF570;PRDM4;ZBTB26;ZSCAN9;ZBTB20;RORB;PRDM1;NR3C1;CARF;NR3C2;ZNF81;DACH1;ZFP30;SALL3;ZNF85;ZNF569;ZNF205;ZNF689;PITX2;ZNF322;ZNF320;ZNF561;ZNF681;ZBTB38;ZBTB37;ZBTB34;MITF;ZBTB33;POU3F2;FOXP1;POU3F4;ZNF91;ZNF92;ZNF93;ZNF319;ZNF678;ZNF677;ZNF430;DLX1;DLX2;ZNF670;DLX5;DLX6;GLIS3;ZKSCAN8;ZKSCAN3;ZKSCAN2;ZNF426;ZNF304;ZNF546;ZKSCAN4;SKIL;ZBTB17;TFAP2B;SMAD1;TFAP2C;SMAD4;ZBTB14;HMGA2;ESRRG;ZFHX4;ESR1;SMAD5;NFKB1;BCL6;ZNF419;ZNF416;ZNF658;ZNF536;TCF4;ZNF777;ZNF655;ZNF776;SP9;ZNF773;NFE2L2;ZNF772;THRB;THRA;ZFP82;NR2E1;CHD2;ZNF408;ZNF649;SNAPC3;ZNF646;UTY;ZNF644;ZNF641;KDM6A;TGIF1;KDM6B;KLF10;KLF12;DNMT3A;ZNF75D;KLF17;ELF1;CREB1;ELF4;DMRTA1;IRF2;ZNF516;ZNF630;IRF9;CREB5;HDAC5;ZNF197;HLF;CEBPD;ZNF195;PLAG1;SRF;ZBTB49;CEBPG;ZBTB45;ZBTB41;ZBTB40;CIART;IFI16;ZNF629;ZNF506;NRIP1;ZNF746;ZNF623;HES1;E2F5;ZNF189;ZNF286A;IRX1;TCF7L2;PRRX1;ZNF184;FOXJ2;TBX19;KLF3;TBX3;KLF7;REST;KLF6;MEIS1;KLF5;TEF;ZNF616;ZNF615;KLF9;ZNF613;ZNF853;ZNF610;ZNF730;RBMX,12.42139,274/1149
cis-regulatory region sequence-specific DNA binding (GO:0000987),0.05476909,Down,GO_Molecular_Function_2021,ATF2;EHF;BACH1;SOX21;CCAR1;ZNF606;ZNF724;SOX9;SOX6;HOXA5;SOX4;SOX5;MEF2A;ZNF18;MEF2C;ZNF285;ZNF281;SOX13;RFX3;SOX11;RUNX1;AR;RFX7;RFX4;ZSCAN21;ZNF713;ATF6;ATF3;ATF4;ZNF155;ZNF397;ZNF396;ZNF273;MYNN;GATA3;ZNF24;ZBTB2;PGBD1;DHX36;PRDM16;ZBED1;ZSCAN12;ZNF821;ZNF148;PATZ1;ZNF268;ZSCAN16;ZNF267;ZNF146;STAT5B;JUN;ZNF383;ZNF382;TIPARP;ZNF260;BCL11A;NR2F1;POU6F2;NR1D2;NR1D1;PBX1;FOSL2;SOX30;ZBTB6;ZNF816;ZNF813;SNAI2;ZNF136;ZNF256;ZNF134;ZNF254;ZNF253;ZNF251;ZNF490;BHLHE41;HEY1;ZNF41;ZNF280C;TEAD1;ZIK1;ZNF484;ZNF362;TCF12;PROX1;ZEB2;PAX9;RARB;ZNF780A;ZNF234;FOXC1;ZNF8;ARNTL2;RXRB;HSF2;ZNF229;ZNF107;ZNF227;ZNF225;HDX;ZNF222;ZNF585A;ZNF100;ARNT2;ZNF461;ZNF460;STAT2;NFYC;NR1H4;PER1;ZNF71;NFIB;ZNF74;ZNF217;ZNF699;ZNF333;NEUROG2;GZF1;ZNF211;ZFP28;ZNF354B;FOXA1;ZNF570;PRDM4;ZBTB26;ZSCAN9;ZBTB20;RORB;PRDM1;NR3C1;CARF;NR3C2;ZNF81;DACH1;ZFP30;SALL3;ZNF85;ZNF569;ZNF205;ZNF689;PITX2;ZNF322;ZNF320;ZNF561;ZNF681;ZBTB38;ZBTB37;ZBTB34;MITF;ZBTB33;POU3F2;FOXP1;POU3F4;ZNF91;ZNF92;ZNF93;ZNF319;ZNF678;ZNF677;ZNF430;DLX1;DLX2;ZNF670;DLX5;DLX6;GLIS3;ZKSCAN8;ZKSCAN3;ZKSCAN2;ZNF426;ZNF304;ZNF546;ZKSCAN4;SKIL;ZBTB17;TFAP2B;SMAD1;TFAP2C;SMAD4;ZBTB14;ESRRG;FOXN3;FOXN2;ZFHX4;ESR1;SMAD5;NFKB1;BCL6;ZNF419;ZNF416;ZNF658;ZNF536;TCF4;ZNF777;ZNF655;ZNF776;SP9;ZNF773;NFE2L2;ZNF772;THRB;THRA;ZFP82;NR2E1;CHD2;ZNF408;ZNF649;SNAPC3;ZNF646;UTY;ZNF644;ZNF641;KDM6A;TGIF1;KDM6B;KLF10;KLF12;DNMT3A;ZNF75D;KLF17;ELF1;CREB1;ELF4;DMRTA1;IRF2;ZNF516;ZNF630;IRF9;CREB5;HDAC5;ZNF197;HLF;CEBPD;ZNF195;PLAG1;SRF;ZBTB49;CEBPG;ZBTB45;ZBTB41;ZBTB40;CIART;IFI16;ZNF629;ZNF506;NRIP1;ZNF746;ZNF623;HES1;E2F5;ZNF189;ZNF286A;IRX1;TCF7L2;PRRX1;ZNF184;FOXJ2;TBX19;KLF3;TBX3;KLF7;REST;KLF6;MEIS1;KLF5;TEF;ZNF616;ZNF615;KLF9;ZNF613;ZNF853;ZNF610;ZNF730;RBMX,11.97539,273/1149
RNA polymerase II transcription regulatory region sequence-specific DNA binding (GO:0000977),0.2543713,Down,GO_Molecular_Function_2021,ATF2;EHF;BACH1;SOX21;CCAR1;ZNF606;ZNF724;BBX;ZNF844;SOX9;SOX6;HOXA5;SOX4;SOX5;MEF2A;ZNF18;MEF2C;ZNF285;ZNF281;SOX13;RFX3;SOX11;ZNF14;RUNX1;AR;RFX7;RFX4;ZSCAN21;ZNF713;ATF6;ATF3;ATF4;ZNF155;ZNF397;ZNF396;ZNF273;MYNN;TWIST1;ZNF22;GATA3;ZNF24;ZNF25;ZBTB2;PGBD1;DHX36;PRDM16;ZBED1;ZSCAN12;ZNF821;ZNF148;PATZ1;ZNF268;ZSCAN16;ZNF267;ZNF146;STAT5B;JUN;ZNF383;ZNF382;ZNF260;BCL11A;NR2F1;POU6F2;NR1D2;NR1D1;PBX1;FOSL2;SOX30;ZBTB6;ZNF816;ZNF813;CREBRF;SNAI2;RBAK;ZNF136;ZNF256;HOXD8;ZNF134;ZNF254;ZNF253;ZNF251;ZNF490;BHLHE41;ZNF44;HEY1;ZNF41;ZNF280C;TEAD1;ZIK1;ZNF484;ZNF362;TCF12;PROX1;ZEB2;NFX1;PAX9;RARB;ZNF780A;ZNF234;FOXC1;ZNF518B;ZNF518A;ZNF3;ZNF8;ARNTL2;RXRB;PURB;HSF2;ZNF229;ZNF107;ZNF227;ZNF225;HDX;ZNF222;ZNF585A;ZNF343;PURG;ZNF100;ARNT2;ZNF461;ZNF460;STAT2;NFYC;NR1H4;PER1;ZNF71;NFIB;ZNF74;ZNF217;ZNF699;ZNF333;NEUROG2;GZF1;ZNF211;ZFP28;ZNF354B;FOXA1;ZNF570;PRDM4;ZBTB26;ZSCAN9;ZBTB20;RORB;PRDM1;NR3C1;CARF;NR3C2;ZNF81;DACH1;ZFP30;SALL3;ZNF85;ZNF569;ZNF205;ZNF689;PITX2;ZNF322;ZNF442;ZNF441;ZNF320;ZNF561;ZNF681;ZBTB38;ZBTB37;ZBTB34;MITF;ZBTB33;POU3F2;FOXP1;POU3F4;ZNF91;ZNF92;ZNF93;ZNF319;ZNF439;ZNF436;ZNF678;ZNF677;ZNF433;ZNF674;ZNF430;DLX1;DLX2;ZNF670;DLX5;DLX6;GLIS3;NPAS3;ZKSCAN8;ZKSCAN3;ZNF669;ZKSCAN2;ZNF426;ZNF425;ZNF304;ZNF546;ZKSCAN4;SKIL;ZBTB17;TFAP2B;SMAD1;TFAP2C;SMAD4;ZBTB14;ZBTB10;ESRRG;ZFHX4;ESR1;SMAD5;NFKB1;BCL6;ZNF419;ZNF416;ZNF658;ZNF536;TCF4;ZNF777;ZNF655;ZNF776;SP9;ZNF773;ZSCAN2;NFE2L2;ZNF772;THRB;THRA;ZFP82;NR2E1;CHD2;ZNF408;ZNF649;SNAPC3;TRPS1;ZNF646;UTY;ZNF644;ZNF641;KDM6A;TGIF1;KDM6B;KLF10;KLF12;DNMT3A;VEZF1;ZNF75D;ETV6;KLF17;ELF1;CREB1;RBL1;ELF4;TFDP3;DMRTA1;IRF2;ZNF516;ZNF510;ZNF630;IRF9;CREB5;GTF2A1;HDAC5;ZNF197;HLF;CEBPD;ZNF195;PLAG1;SRF;ZBTB49;CEBPG;ZBTB45;ZBTB41;ZBTB40;CIART;IFI16;ZNF629;ZNF627;ZNF506;NRIP1;ZNF625;ZNF746;ZNF623;HES1;E2F5;ZNF620;ZNF189;ZNF286A;IRX1;TCF7L2;PRRX1;ZNF184;FOXJ2;CDC5L;TBX19;KLF3;TBX3;KLF7;REST;KLF6;MEIS1;KLF5;TEF;ZNF616;ZNF615;KLF9;ZNF614;ZNF613;ZNF853;ZNF610;ZNF730;RBMX,8.927172,310/1359
NAD+ ADP-ribosyltransferase activity (GO:0003950),0.3080224,Down,GO_Molecular_Function_2021,PARP6;PARP4;TNKS2;TNKS;PARP2;TIPARP;ZC3HAV1;PARP14;PARP9;PARP15;SIRT1;PARP8,22.507,12/26
transcription regulatory region nucleic acid binding (GO:0001067),0.3080224,Down,GO_Molecular_Function_2021,FOXA1;KDM5A;LIN54;RNF10;BNC2;THRA;ARID4A;ZBTB20;ASH2L;ARID4B;CREB3L2;SOX6;PITX2;SOX4;SOX5;MEF2C;ATMIN;ZNF281;TCF12;SOX13;RFX3;ARID5B;SOX11;PROX1;RUNX1;KLF17;AR;SFPQ;NCOR1;CRY2;ZNF513;ATF6;ATF3;ATF4;YAP1;HDAC5;FOXC1;DLX5;TAF9;GATA3;ERBB4;DHX36;PRDM16;ZNF746;TCF7L2;JUN;SMAD4;ZBTB14;NFYC;HMGA2;NR1D1;PBX1;NFKB1;PER2;PER1;REST;ZNF658;ZNF217;NFE2L2,10.11051,59/212
transmembrane receptor protein kinase activity (GO:0019199),0.05270937,Up,GO_Molecular_Function_2021,ACVRL1;EPHB6;RET;CSF1R;LTK;FLT1;EPHA10;FLT4;MST1R;ERBB3;EPHB2;EPHB1;EPHB4;PDGFRB;NTRK1;NTRK3;TIE1;INSRR;AXL;TYRO3;ROR2;EPHA1;FGFR4;FGFR2;EPHA2;FGFR1,24.83679,26/60
NMDA glutamate receptor activity (GO:0004972),0.05270937,Up,GO_Molecular_Function_2021,GRIN2A;GRIN3B;PTK2B;GRIN2C;GRIN2B;GRIN1;GRIN2D,224.9526,7/8
voltage-gated cation channel activity (GO:0022843),0.05270937,Up,GO_Molecular_Function_2021,RYR1;CATSPER1;HCN4;KCNG2;KCNC3;KCNC4;CACNA1B;CACNA1A;KCNA7;CACNA1I;CACNG7;GRIN2A;KCNV2;CACNG8;PTK2B;CACNA1S;KCNH2;KCNH3;KCNF1;KCNH4;KCND1;KCNH6;KCNJ11;KCND3;KCNB1;CACNA2D2;CACNA2D4;GRIN2C;GRIN2B;GRIN2D;GRIN1;CACNB1;GRIN3B;CACNB4;KCNQ2;KCNQ4;HCN2,19.69623,37/97
transmembrane receptor protein tyrosine kinase activity (GO:0004714),0.05575805,Up,GO_Molecular_Function_2021,EPHB6;RET;CSF1R;LTK;FLT1;EPHA10;FLT4;MST1R;ERBB3;EPHB2;EPHB1;EPHB4;PDGFRB;NTRK1;NTRK3;TIE1;INSRR;AXL;TYRO3;ROR2;EPHA1;FGFR4;FGFR2;EPHA2;FGFR1,20.52177,25/60
ligand-gated cation channel activity (GO:0099094),0.05575805,Up,GO_Molecular_Function_2021,KCNK6;CHRNA4;GRIK5;GRIK4;TRPM2;ASIC4;GRIN2A;KCNN1;PTK2B;KCNN3;TRPM5;ASIC3;ASIC1;KCNH2;KCNJ4;KCNJ11;KCNJ12;KCNJ14;HTR3A;KCNJ18;GRIN2C;GRIN2B;GRIN1;GRIN2D;P2RX7;P2RX6;GRIN3B;SCNN1D;P2RX3;P2RX1;SCNN1A,18.18062,31/80
PrefrontalCortex,5.067116e-05,Down,Human_Gene_Atlas,ATF2;TRIO;CTNND2;GLS;NR3C2;RGS4;SLK;CFL2;RPS6KA2;SIRPA;NRCAM;DIP2B;SOX9;PRKACB;LZTS1;RGS7;MEF2A;MBNL2;FBXW7;LIMCH1;LMO4;LMO3;MAGI2;PAQR3;PRKCA;ANK2;DNAJB14;ACSL3;ANK3;SUPT7L;DYNC1LI2;RUFY3;CRYZL1;SIK3;SPARCL1;WDFY3;TNIK;MACF1;PXK;C1ORF198;PHYHIPL;AK5;PIK3R1;DTX3;NPAS3;TMTC4;ARHGAP21;ATXN2;ATXN1;KLC2;FLRT2;CHST10;VPS8;STK38L;IP6K1;RAB11FIP2;GPM6B;TRPM3;SRPK2;CDK19;DTNA;KLHL26;NR1D2;PUM1;APPBP2;GNAQ;NMT1;PLEKHM2;TCF4;TMCC1;CALM1;CDK14;TECPR2;RERE;CNTNAP2;WDR47;MCTP1;GDI1;HTR2A;PTPRK;NR2E1;TMEM47;TRIM9;DSTYK;SIPA1L1;AKAP11;TRIM2;TRIM3;PSD3;EDIL3;ZNF365;NCOA1;ARHGEF12;TSC22D1;VPS13D;TERF1;RGMA;GAP43;DDAH1;GFOD1;MMP17;IL1RAPL1;RAPGEF2;ARHGEF4;PLCB1;SSX2IP;GAS7;RABGAP1;STAU2;COL11A1;WBP4;LRP4;AKAP6;ADD3;SSFA2;JAKMIP2;DNAJB2;FAM168A;CHN1;LRRC8B;CTNNA2;PAK3;EPS15;CAMK2G;SASH1;PAIP1;CAP2;MAP4K4;NTRK2;GABBR2;ARNT2;NLGN4X;PCDH9;MYO10;PLEKHA5;SORBS1;ATP2B1;RANBP6;HIPK2;RNF146;TJP1;MAPK10;DBNDD1;FMNL2;C12ORF29;YIPF6;TRIM37,23.68774,147/521
Fetalbrain,0.00447386,Down,Human_Gene_Atlas,WDR47;CSRNP2;PANK3;TRIO;UBXN2B;UBE2D2;PTPRK;SOBP;ROBO1;TTC28;TRO;TUBA1A;ZNF606;TRIM2;PAPOLG;CREB3L2;AKT3;DPYSL3;CEP170;THSD7A;KIFAP3;SYBU;DACT1;EPHA5;SH3GLB1;PARP6;MEF2C;WSB2;TUBB;LMO3;ELMOD1;MAGI2;NPY1R;SOX11;ANK2;RGMB;EML1;POU3F2;THAP2;PTBP2;ZEB2;TUBB2B;GAP43;TUBB2A;DAAM1;NAV3;RUFY3;ULK2;TNIK;ZMYND11;EPHA3;DBN1;DLX1;DLX2;FOXG1;NEDD4L;AKAP7;RBM4B;HMGCR;EFNB2;FLRT2;PTPRZ1;CNR1;NT5DC3;SCN3A;LEFTY2;SRGAP1;DYNC1I1;AASDHPPT;PAIP1;MARK1;ANKRD28;LGI1;CDK19;NLGN4X;BCL11A;KIDINS220;NR2F1;PDE4DIP;MYO16;MLLT11;NELL2;NBEA;DLG3;APC;PKIA;FABP7;TCF4;FBXL2;FAT4;FGF13,14.88022,91/325
Uterus,0.06497376,Down,Human_Gene_Atlas,RERGL;MOXD1;TES;BNC2;COL14A1;ZNF292;TGFB1I1;STON1;THUMPD1;ACTG2;CYR61;TTC28;EPS8;TMEM47;PPP1CB;AKAP13;SH3PXD2B;RSPRY1;CADPS2;TRPC1;PAWR;MITF;TIAM2;RAP2C;SFRP4;PALLD;CDC42EP3;ZNF516;COL4A5;C9ORF3;PDZRN3;PTGFR;SYNPO2;KLHL13;LPP;STRN3;SOCS2;PLN;BAG2;CALD1;PDGFC;FLNA;RAB11FIP2;FILIP1L;MAP4K5;PDLIM5;PDLIM7;SVIL;TCF7L2;SAMD4A;PARVA;ESR1;PBX1;KLHL20;MEIS1;FERMT2,9.764705,56/201
SmoothMuscle,0.09785167,Down,Human_Gene_Atlas,SRPX;MCFD2;TNFAIP6;WDR1;DOCK7;CXCL3;FGF2;RND3;CYR61;CTGF;CDH6;SGCE;GPR176;GLIPR1;ALCAM;SIPA1L1;EFEMP1;CDH2;ZMYM4;SGCB;PLS3;RIOK2;ITGAV;EDIL3;RAB2A;TGIF1;POSTN;TPM4;RIPK2;DAPK3;MYOF;FNDC3B;ARID5B;C6ORF62;ANXA10;ENAH;ADAM19;RAB32;IMPAD1;PXDN;ADAM9;BCAT1;DBN1;MTMR2;SEC23A;LAMA4;LRRC17;LYPD1;TWF1;ATP2C1;LTBP1;THBS1;SRPX2;CALD1;ARSJ;PDGFC;ABL1;CCL2;CD59;IGF2BP2;SNX7;PDLIM5;ST3GAL1;GPC6;SLC38A2;PDLIM7;SOCS5;ABCA1;WWTR1;CSNK1A1;PLK2;TPBG;ARHGAP29;PARVA;LHFPL2;SULF1;ZFHX4;DHRS3;GTF2H5;FOSL2;MARCKS;KLHL5;FAP;NFIB;NEDD4;COL5A2;PTX3;NF2;FERMT2;LRP12;ASB1,7.49563,91/363
ParietalLobe,0.1057345,Down,Human_Gene_Atlas,NLN;UGT8;EPHA4;ARHGAP32;GPRC5B;MBNL2;CNP;FRMPD4;MAST2;TRIM2;TMCC1,15.43631,11/26
Lung,1.976062e-06,Up,Human_Gene_Atlas,VIPR1;TPSB2;AQP1;CXCL16;CDH5;VSIG2;MAP3K6;SOX7;TNS1;SLC16A5;IL15RA;MYLIP;CARD10;CISH;ARRDC2;CACNA2D2;MCEMP1;PGC;ADCY9;ADAM15;DDIT4;SLCO2A1;SCNN1A;RPP25;SLC27A3;ABCG1;EPAS1;CABP7;NPR1;LTBP4;LTBP2;HIGD1B;AGER;TMEM125;RRAS;SLAMF8;TSPAN4;STXBP6;SLC19A1;S100A10;FZD2;FOXF1;WFS1;ABCA3;SMAD6;MARCO;CSPG4;LGMN;ACVRL1;DOCK6;CLIC5;ARRB1;LRRC32;MSLN;CRTAC1;MMP28;CA4;CTSH;ACP5;TPSAB1;CTSD;SFTPB;DUSP1;SFTPC;GAA;RIPK4;BGN;EMP2;UPK3B;TNFRSF1A;TBC1D2;GPRC5A;SLCO4A1;COL6A2;MMRN2;GAS6;MGLL;AVPI1;ENG;RAMP2;MEGF6;GRN;NXN;PRELP;CRIP1;CST6;DLL1;RASIP1;CYGB;PDLIM1;MUC1;CLEC3B;PDLIM2;TMEM204;RABAC1;FARP1;CYB5A;PPP1R14A;IRX3;TIE1;GPR4;MLPH;DLC1;TACC2;PNPLA6;FOLR1,35.3772,106/299
Placenta,0.005524422,Up,Human_Gene_Atlas,SERPINE2;C4ORF19;F13A1;FADS3;CDH5;STS;PLAU;SLC39A8;PRSS8;EPHB2;SYNPO;TGM2;MYLIP;COL27A1;MORC4;CISH;MSX2;DAPK1;IGFBP3;PSG1;PSG2;ALPPL2;PGF;PSG9;PROCR;C1ORF115;SPINT1;COL4A2;PPP1R3B;PAPPA;SLCO2A1;PSG6;ADAM12;PTGES;CSF1R;NOTCH3;DLX4;EPAS1;MAOA;CSH1;EBI3;HTRA1;FBLN1;GATA2;SLC9A1;HSD11B2;SLC19A3;PLAC1;PLAC4;HEXIM1;TFAP2A;TFPI2;PRG2;H19;ALPP;TREML2;SDC1;LGMN;CDKN1C;CPM;TINAGL1;SLC44A2;LAMC3;FLT4;SNAP23;WFDC1;CPZ;SLC6A2;PTPRF;AFF1;ADAMTSL4;C1QTNF6;TIMP3;EFHD1;CD34;TEAD3;GAA;PLEKHG6;BGN;DUSP9;CDYL2;SLC7A4;TGFBR3;MMP11;MMRN2;PECAM1;B3GNT3;ITGA5;CD46;SLC29A3;ENG;COLEC12;CEBPB;COL15A1;SEMA3G;GDPD5;KRT86;APOLD1;GPR151;CLN3;P2RY6;SH3TC2;PLAGL1;MICALL1;MAN1C1;PCDH1;GABRE;MEST;SLC35A2;NOS3;FAM46A;PLEKHA6;KISS1;TPPP3;RYBP;TMEM54;TSPAN18;LEP;TACC2,13.5861,119/405
CerebellumPeduncles,0.02227569,Up,Human_Gene_Atlas,CAMK2B;SPTBN4;BRSK2;CHRD;CACNA1A;NRXN2;NDRG2;AFF3;CXXC5;SLC8A2;SAMD14;CYP26B1;SYNGAP1;MMP24;GRM4;ZIC2;PTCHD1;MCF2L;CDH22;HOMER3;NPTX1;SLC25A23;PPFIA4;TP53I11;GABRD;PDK2;GALNT9;GARNL3;PLEKHG3;SYT2;UNC5B;KCNJ12;IQSEC3;ADAM11;H2AFV;ETV1;MUC3A;CEACAM19;YIF1B;TIAM1;CACNB4;LPCAT4;FAT2;PICK1;CDH15;SCN2B,13.11616,46/137
Adipocyte,0.6796887,Up,Human_Gene_Atlas,CPM;SNED1;CLIC4;CSF1;ITGB5;DBI;CHRDL1;TSKU;COMP;LIPE;ADAMTS2;CTSK;TIMP1;HADH;GYG2;GLUL;TIMP4;PHLDA3;PDGFRB;DGAT2;MMP2;COL6A2;GPD1;LGALS12;COL6A1;MXRA8;CHI3L2;COL6A3;ITGA7;GAS6;FKBP5;LRP1;PCOLCE2;C1S;FBLN2;AGPAT2;FBLN5;NMB;MCAM;CYBRD1;G0S2;NR1H3;PODN;EHD2;FABP4;CILP;COL5A3;COL20A1;CD248;CRLF1,4.744409,50/181
Tongue,0.9999956,Up,Human_Gene_Atlas,IL1RN;FHL1;LYPD3;TXN;PPL;EVPL;TGM1;CAPNS2;TRIM29;GALR2;MYOZ3;SFN;PITX1;DSP;ZNF185;KRT4;FAM46B;LRRN2;KRT5;SYPL2;CNFN;SULT2B1;PPP1R3C;KRT16;KRT15;KRT14;LY6D;PKP1;MAL;PKP3;S100A8;IVL,3.744269,32/115
ErbB signaling pathway,0.002896049,Down,KEGG_2021_Human,SHC4;CAMK2D;CDKN1B;CBLB;PIK3R1;MAPK9;MAPK8;ERBB4;AKT3;NCK2;ABL1;ABL2;MAPK1;PLCG1;PAK3;CAMK2G;PAK2;MAP2K4;STAT5B;JUN;EGF;GAB1;NRG1;PRKCA;BRAF;NRG2;MAPK10;PIK3CA;RPS6KB1;RPS6KB2;GRB2;KRAS;SOS1;SOS2,32.14899,34/85
Neurotrophin signaling pathway,0.09413737,Down,KEGG_2021_Human,SHC4;BEX3;CAMK2D;PRDM4;IRS1;PIK3R1;RAP1B;MAPK9;MAPK8;RPS6KA5;RPS6KA2;AKT3;ABL1;MAPK1;PLCG1;CAMK2G;MAP2K5;MAP3K5;NTRK2;JUN;MAP3K1;RIPK2;KIDINS220;SORT1;GAB1;FRS2;BRAF;NFKB1;MAPK10;PIK3CA;TRAF6;RAPGEF1;GRB2;KRAS;CALM1;SOS1;SOS2;ATF4,13.94211,38/119
Salmonella infection,0.09413737,Down,KEGG_2021_Human,NCKAP1;CXCL8;PIK3C2G;WASL;ACTB;PIK3CG;ACTG1;TUBA1C;TUBA1B;TUBA1A;KIF5B;AKT3;CASP4;KPNA4;KPNA3;KPNA1;ACTR3;MAP2K4;ANXA2;CHUK;EXOC7;RIPK2;TUBB;IL18;TIRAP;DYNC1LI1;DYNC1LI2;TUBB2B;TUBB2A;PIK3CA;TRAF6;RHOJ;ELMO1;ELMO2;EXOC5;TLR6;TLR4;ARL8A;PFN2;DYNC1I2;ARHGEF26;DCTN2;LY96;NOD1;DYNC2LI1;CYTH3;MAPK9;MAPK8;KLC2;MYO6;FLNA;MAPK1;SNX9;PAK3;DYNC1I1;MAP2K6;TCF7L2;JUN;NFKB1;MAPK10;SNX18;ABI1;RAB9A;PLEKHM2;TAB3;TAB2;ACBD3;RAB5A;MYD88,11.17865,69/249
TGF-beta signaling pathway,0.09910547,Down,KEGG_2021_Human,BMPR2;ROCK1;LTBP1;THBS1;PPP2CB;MAPK1;PITX2;E2F5;LEFTY2;ACVR1;TGIF1;SMAD1;SMAD4;SMURF1;RGMB;ACVR2B;SMAD5;ACVR2A;RGMA;BMP5;RBL1;ZFYVE16;RPS6KB1;BAMBI;ID2;ID1;RPS6KB2;ID4;ID3;BMPR1B;BMPR1A,13.61778,31/94
Herpes simplex virus 1 infection,0.3320587,Down,KEGG_2021_Human,ZNF570;PPP1CB;ZNF81;ZFP30;ZNF606;AKT3;ZNF85;ZNF569;ZNF205;ZNF689;ZNF442;ZNF320;ZNF441;ZNF561;ZNF285;HCFC2;TICAM1;ZNF14;ZNF91;ZNF93;ZNF439;ZNF713;SRSF4;ZNF436;ZNF677;ZNF433;SRSF8;ZNF674;ZNF155;ZNF430;ZNF670;ZNF273;PIK3R1;ZNF25;ZNF669;ZNF426;ZNF304;ZNF425;ZNF546;ZNF268;ZNF267;EIF2B5;ZNF383;ZNF382;EIF2AK2;EIF2AK4;NFKB1;ZNF816;ZNF419;ZNF813;ZNF416;ZNF658;ZNF777;TAB2;RBAK;ZNF136;ZNF256;MYD88;ZNF773;ZNF772;ZNF254;ZNF253;ZNF251;ZNF490;ITGB3;ZNF44;ZFP82;ZNF649;ZNF41;ZNF766;ZNF641;ZIK1;ZNF484;CHUK;PIK3CA;TRAF6;ZNF780A;ZNF510;ZNF234;ZNF630;TLR3;IRF9;RNASEL;ZNF195;ZNF3;ZNF8;ZNF506;ZNF627;ZNF229;ZNF746;ZNF107;CCL2;ZNF227;ZNF623;ZNF225;ZNF620;ZNF222;ZNF343;ZNF585A;ZNF189;ZNF286A;ZNF100;ZNF461;ZNF460;ZNF184;IFNB1;STAT2;ZNF616;ZNF74;ZNF615;ZNF614;ZNF613;ZNF699;ZNF853;ZNF610;ZNF730;ZNF333;ZNF211;ZFP28;ZNF354B,6.917471,120/498
Calcium signaling pathway,0.01965817,Up,KEGG_2021_Human,RET;RYR1;RYR2;MYLK2;OXTR;FLT1;CALML6;FLT4;ATP2A3;ATP2A1;FGF1;ADRA1B;MYLK3;SLC8A1;SLC8A2;HTR6;BDKRB2;BDKRB1;NOS1;PDGFRB;CAMK1D;AVPR1B;SPHK2;TACR2;NGF;PLCB3;ADCY9;PLCB4;LTB4R2;ITPKA;ORAI1;CASQ1;PLCB2;CAMK1G;CAMK2B;PTAFR;CAMK2A;PDGFB;CACNA1B;PDGFA;CACNA1A;ITPR3;MST1R;ADRB2;ADCY7;CACNA1H;CACNA1G;CACNA1I;GRIN2A;GNA15;ERBB3;HRH2;PTK2B;CACNA1S;NTSR1;NTRK1;NOS2;NOS3;NTRK3;ATP2B3;ATP2B2;GRIN2C;GRIN2D;GRIN1;VEGFA;TPCN1;P2RX7;P2RX6;P2RX3;CAMK4;FGF19;P2RX1;FGF18;FGFR4;PLCD4;FGFR2;FGFR1,15.86144,77/240
Protein digestion and absorption,0.01965817,Up,KEGG_2021_Human,KCNK5;COL18A1;COL15A1;COL16A1;COL13A1;KCNE3;ELN;SLC1A1;ATP1A3;ATP1A2;SLC8A1;SLC8A2;DPP4;KCNN4;SLC36A1;CPA2;CPA1;COL26A1;COL27A1;COL25A1;COL23A1;ATP1B2;COL3A1;SLC7A7;COL4A2;COL5A1;SLC7A8;XPNPEP2;COL4A4;COL5A3;FXYD2;COL6A2;COL7A1;COL6A1;COL8A2;COL20A1;COL6A3;COL9A3;COL9A2,19.93662,39/103
ECM-receptor interaction,0.02210099,Up,KEGG_2021_Human,ITGB1;LAMA5;TNXB;ITGB5;SDC4;LAMC3;LAMA1;ITGA2B;LAMA3;LAMC2;THBS3;COMP;TNN;ITGB7;LAMB3;GP1BB;ITGA3;GP6;HSPG2;GP5;FRAS1;COL4A2;COL4A4;COL6A2;COL6A1;ITGA11;COL6A3;ITGA7;SDC1;COL9A3;CD47;ITGA5;COL9A2;AGRN,19.39062,34/88
cAMP signaling pathway,0.06079488,Up,KEGG_2021_Human,GLP1R;RYR2;OXTR;VIPR2;CALML6;ATP2A3;ATP2A1;GLI1;LIPE;HTR6;CREB3L3;CREB3L1;RAC2;ADORA1;CNGA2;FFAR2;AMH;EDN2;PDE4C;RRAS2;FOS;ATP1B2;SSTR2;VAV1;VAV2;GIP;SSTR5;TIAM1;ADCY9;ORAI1;RAPGEF3;CNGB1;CAMK2B;HCN4;ADCYAP1R1;GIPR;NPR1;PTGER2;LHB;CAMK2A;PIK3R3;ATP1A3;ATP1A2;ADRB2;ADCY7;ADCY5;SLC9A1;GRIN2A;RRAS;TNNI3;CACNA1S;PTCH1;HTR1D;ATP2B3;NFATC1;GCG;ATP2B2;GRIN2C;GRIN2B;GRIN2D;GRIN1;AFDN;GRIN3B;FXYD2;CAMK4;PPP1R1B;HCN2,11.73992,67/216
Aldosterone synthesis and secretion,0.1235118,Up,KEGG_2021_Human,CAMK2B;SCARB1;DAGLA;CALML6;NPR1;CAMK2A;ATP1A3;ITPR3;ATP1A2;ADCY7;CACNA1H;CACNA1G;ADCY5;LIPE;CACNA1I;CREB3L3;CYP11A1;CREB3L1;CACNA1S;CAMK1D;PDE2A;ATP2B3;ATP2B2;ATP1B2;PLCB3;ADCY9;PLCB4;STAR;CYP21A2;CAMK4;ORAI1;PLCB2;CAMK1G;KCNK3,12.0374,34/98
UV Response Dn,8.487181e-07,Down,MSigDB_Hallmark_2020,CDKN1B;IRS1;CITED2;ITGB3;PTEN;PTPN21;VLDLR;NR3C1;RND3;IGF1R;SYNE1;RGS4;GJA1;NIPBL;EFEMP1;SIPA1L1;AKT3;ANXA2;MAGI2;PRKCA;RUNX1;MMP16;DDAH1;MAP1B;PTGFR;COL11A1;GCNT1;MRPS31;SRI;TFPI;ADD3;ATP2C1;LTBP1;SLC7A1;SCAF8;ATXN1;TOGARAM1;HAS2;FYN;APBB2;PDLIM5;MAP2K5;CAP2;RBPMS;NEK7;NR1D2;ATP2B1;CDC42BPA;NFKB1;ACVR2A;TJP1;DAB2;NFIB;COL5A2;ID1;SNAI2;BMPR1A,49.04901,57/144
TGF-beta Signaling,0.0006121349,Down,MSigDB_Hallmark_2020,ACVR1;TGIF1;KLF10;PPP1R15A;SMAD1;WWTR1;BMPR2;SMURF1;UBE2D3;XIAP;ARID4B;FURIN;THBS1;HIPK2;NCOR2;TJP1;APC;ID2;ID1;PMEPA1;ID3;SKIL;LEFTY2;BMPR1A,35.36323,24/54
TNF-alpha Signaling via NF-kB,0.006475935,Down,MSigDB_Hallmark_2020,BTG1;TNFAIP6;RNF19B;TNFAIP3;IRS2;CXCL3;SAT1;IFIT2;KYNU;NAMPT;PDE4B;PMEPA1;DENND5A;CCNL1;PHLDA1;KDM6B;KLF10;TGIF1;EDN1;TSC22D1;RIPK2;IL18;GEM;TUBB2A;SGK1;ATF3;CD44;PTGER4;PPP1R15A;PFKFB3;CEBPD;TANK;DNAJB4;CCL2;HES1;PDLIM5;ABCA1;JUN;JAG1;GADD45B;TIPARP;PLK2;ZBTB10;ATP2B1;NFKB1;FOSL2;EIF1;EHD1;PER1;RCAN1;KLF6;MARCKS;BCL6;ID2;CLCF1;KLF9;PTX3;IL7R;NFE2L2,13.71071,59/200
Epithelial Mesenchymal Transition,0.01508978,Down,MSigDB_Hallmark_2020,ECM2;CXCL8;WIPF1;ITGB3;TNFAIP3;FGF2;SAT1;RGS4;CDH6;GJA1;GLIPR1;CDH2;SGCB;DPYSL3;PMEPA1;ITGAV;EDIL3;SGCG;POSTN;TNFRSF12A;TPM4;DST;ITGA2;DKK1;GEM;SFRP4;VCAN;SCG2;CD44;PFN2;LAMA2;COL11A1;NTM;THBS1;PTHLH;CALD1;ABI3BP;SPP1;FLNA;CD59;SLIT2;CAP2;JUN;VCAM1;GADD45B;CADM1;PRRX1;FZD8;DAB2;FAP;ID2;COL5A2;MGP;SNAI2;PTX3;VIM;FERMT2,11.16811,57/200
Androgen Response,0.07374126,Down,MSigDB_Hallmark_2020,SRP19;STEAP4;SRF;PTPN21;HMGCR;SAT1;UBE2J1;AKAP12;HERC3;ANKH;ADAMTS1;MAP7;PMEPA1;ITGAV;PDLIM5;SLC38A2;HMGCS1;TSC22D1;ELOVL5;ZBTB10;ARID5B;DHCR24;ACSL3;ELL2;CDK6;APPBP2;SMS;BMPR1B;SGK1;PLPP1,8.752276,30/100
Estrogen Response Late,8.355484e-07,Up,MSigDB_Hallmark_2020,RET;TOP2A;KCNK5;SCARB1;CLIC3;SERPINA1;NAB2;HR;LAMC2;ETFB;PRSS23;CXCL14;AFF1;SERPINA5;CYP26B1;CCND1;TRIM29;IMPA2;CDH1;CA2;MDK;ANXA9;TPSAB1;DUSP2;CISH;IGFBP4;SORD;CACNA2D2;EMP2;FOS;IL17RB;SULT2B1;TIAM1;OLFM1;GAL;RAB31;ACOX2;TST;SCNN1A;BLVRB;MAPT;PKP3;SLC29A1;NBL1;S100A9;LLGL2;PTGES;FKBP5;SLC26A2;RNASEH2A;SLC9A3R1;PLAC1;SFN;FLNB;MEST;MICB;CA12;FARP1;ST14;EGR3;WFS1;ABCA3;TFPI2;IDH2;CYP4F11;TPD52L1;KLF4;ASS1;BATF;MAPK13;KRT19;CXCL12;TSPAN13;TH;GJB3;PDCD4;CPE;TJP3,41.92706,78/200
Estrogen Response Early,0.0001089571,Up,MSigDB_Hallmark_2020,RET;KCNK5;LAD1;SCARB1;FCMR;CLIC3;WWC1;FHL2;HR;CELSR1;AQP3;PRSS23;TSKU;AFF1;CALB2;CYP26B1;CCND1;ANXA9;TGM2;CISH;IGFBP4;KRT8;KCNK15;KAZN;FOS;IL17RB;SULT2B1;TIAM1;OLFM1;ADCY9;RAB31;ELF3;SCNN1A;BLVRB;MAPT;NBL1;PTGES;FKBP5;SLC26A2;SLC1A1;THSD4;SLC9A3R1;SYNGR1;MUC1;PODXL;P2RY2;LRIG1;SFN;FLNB;MICB;CA12;FARP1;EGR3;ZNF185;WFS1;ABCA3;GREB1;INHBB;TPD52L1;KLF4;TTC39A;REEP1;KRT19;KRT18;CXCL12;MLPH;SYT12;DLC1;KRT15;RAB17;TJP3,24.82709,71/200
Epithelial Mesenchymal Transition,0.0002947086,Up,MSigDB_Hallmark_2020,ITGB1;OXTR;COL16A1;SERPINE2;ITGB5;ELN;LAMC2;ENO2;LOXL1;LOXL2;COMP;EFEMP2;BASP1;TIMP3;QSOX1;TIMP1;TGM2;PDGFRB;IL15;IGFBP4;MMP1;IGFBP3;TPM2;MMP2;TPM1;MMP3;BGN;P3H1;PCOLCE;TGFBR3;MMP14;COL4A2;LOX;COL6A2;ADAM12;COL8A2;GAS1;COL6A3;ITGA5;MATN3;MATN2;LRRC15;TAGLN;SDC4;PCOLCE2;LRP1;LAMA1;LAMA3;HTRA1;CAPG;FBLN1;NID2;FBLN2;FBLN5;GPC1;SERPINH1;MEST;IL32;FUCA1;TFPI2;VEGFA;COL3A1;CXCL12;COL5A1;COL5A3;COL7A1;SDC1;TGFBI;CRLF1,21.051,69/200
Myogenesis,0.0008235344,Up,MSigDB_Hallmark_2020,RYR1;ITGB1;VIPR1;CDKN1A;ITGB5;FHL1;ATP2A1;LDB3;LSP1;CLU;MB;GJA5;BDKRB2;ANKRD2;NOS1;PPFIA4;TEAD4;KCNH2;PTGIS;GPX3;DAPK2;GAA;TPM2;IGFBP3;FST;PTP4A3;ADCY9;MRAS;PPP1R3C;COL4A2;TNNT1;MYL2;COL6A2;MYL3;TNNT3;ADAM12;PICK1;COL6A3;CDH13;ITGA7;CASQ1;HBEGF;CFD;CAMK2B;TAGLN;COL15A1;AK1;AEBP1;FOXO4;CACNA1H;SYNGR2;ERBB3;TNNI1;TNNI2;PRNP;CAV3;MYBPH;TPD52L1;REEP1;SMTN;COL3A1;ACTC1;DES;PC;TCAP;PLXNB2;AGRN,17.70288,67/200
p53 Pathway,0.002252798,Up,MSigDB_Hallmark_2020,CDKN1A;STEAP3;CD82;CD81;DGKA;PITPNC1;PIDD1;CCND2;FAM162A;FDXR;CTSF;IER5;CTSD;TP63;POLH;PHLDA3;TSPYL2;ABCC5;RHBDF2;TRAFD1;FOS;VAMP8;PROCR;MAPKAPK3;DDIT4;NINJ1;CDH13;S100A4;ISCU;EPHA2;HBEGF;RRAD;PVT1;RGS16;AK1;PDGFA;TGFA;NDRG1;ZFP36L1;RXRA;SOCS1;MKNK2;CLCA2;TNNI1;SFN;EPS8L2;S100A10;HEXIM1;JAG2;PLK3;ST14;VDR;FUCA1;EPHX1;ELP1;INHBB;KLF4;TPD52L1;BLCAP;PTPN14;PTPRE;KRT17;SDC1;PLXNB2;BAX,14.75046,65/200
RHO GTPase Cycle R-HSA-9012999,0.0620026,Down,Reactome_2022,ITSN2;NCKAP1;TRIO;FAM13B;WIPF1;ITSN1;FAM13A;ARHGAP39;MSI2;ARHGAP35;ACTG1;SYDE2;GJA1;ARHGAP42;SLK;OPHN1;EPSTI1;TPM4;RALGAPA1;SWAP70;FRS2;TEX2;TIAM2;DAAM1;ELMO2;PHIP;STAM2;DDX4;ARHGEF26;SHMT2;ARHGEF28;TWF1;ARHGAP18;RASAL2;PIK3R1;ARHGAP15;RHOBTB1;ARHGAP12;ARHGAP21;MYO6;ABL2;ECT2;SRGAP1;STARD13;ACBD5;JAG1;ARHGAP29;ARHGAP26;ARHGAP24;VANGL1;CCDC88A;ARHGAP32;ARHGAP31;DNMBP;COPS2;GRB2;FERMT2;CDC42SE2;PICALM;ZNF512B;DOCK5;DOCK4;SOWAHC;DOCK7;WASL;ARHGAP5;OSBPL11;RND3;SH3RF1;LRRC1;RND1;AKAP12;AKAP13;TUBA1B;DBT;NCK2;ARHGEF11;PLEKHG1;ARHGEF12;DST;CCDC115;NIPSNAP2;ARHGAP10;PIK3CA;GFOD1;CDC42EP3;RHOJ;RAPGEF1;CDC42EP1;ARHGEF4;SOS1;SOS2;DBN1;RHOQ;ROCK1;AMIGO2;ADD3;FAM169A;PGRMC2;ARL13B;NHS;CKB;WHAMM;REPS1;NDUFA5;KIDINS220;USP9X;MCF2;ERBIN;CDC42BPA;KTN1;SLC4A7;FMNL2;TAOK3;ABI1;FILIP1;GOPC;PKN2;VIM;RBMX,15.93064,120/441
TRAF6 Mediated Induction Of NFkB And MAP Kinases Upon TLR7/8 Or 9 Activation R-HSA-975138,0.09379495,Down,Reactome_2022,APP;PELI2;LY96;NOD1;TANK;MAPK9;PPP2CB;MAPK8;RPS6KA5;RPS6KA2;UBC;MAPK1;N4BP1;MAP2K6;MEF2A;MAP2K4;MEF2C;JUN;MAP3K1;CHUK;RIPK2;TICAM1;S100B;NFKB1;DUSP6;MAPK10;CREB1;TRAF6;UBE2N;PELI1;TAB3;TAB2;ALPK1;TLR4;MYD88,18.52795,35/101
MyD88 Dependent Cascade Initiated On Endosome R-HSA-975155,0.09379495,Down,Reactome_2022,APP;PELI2;LY96;NOD1;TANK;MAPK9;PPP2CB;MAPK8;RPS6KA5;RPS6KA2;UBC;MAPK1;N4BP1;MAP2K6;MEF2A;MAP2K4;MEF2C;JUN;MAP3K1;CHUK;RIPK2;TICAM1;S100B;NFKB1;DUSP6;MAPK10;CREB1;TRAF6;UBE2N;PELI1;TAB3;TAB2;ALPK1;TLR4;MYD88,17.77996,35/102
Toll Like Receptor 9 (TLR9) Cascade R-HSA-168138,0.09379495,Down,Reactome_2022,APP;PELI2;LY96;NOD1;TANK;EEA1;MAPK9;PPP2CB;MAPK8;RPS6KA5;RPS6KA2;UBC;MAPK1;N4BP1;MAP2K6;MEF2A;MAP2K4;MEF2C;JUN;MAP3K1;CHUK;RIPK2;TICAM1;S100B;NFKB1;DUSP6;MAPK10;CREB1;TRAF6;UBE2N;PELI1;TAB3;TAB2;ALPK1;TLR4;MYD88,17.42776,36/106
"Signaling By Rho GTPases, Miro GTPases And RHOBTB3 R-HSA-9716542",0.09379495,Down,Reactome_2022,ITSN2;NCKAP1;TRIO;FAM13B;WIPF1;ZWILCH;ITSN1;FAM13A;ARHGAP39;MSI2;ARHGAP35;ACTG1;PPP1CB;SYDE2;GJA1;ARHGAP42;HTR7;SLK;OPHN1;KIF5B;EPSTI1;TPM4;RALGAPA1;SWAP70;FRS2;PRKCA;KNL1;TEX2;TIAM2;DYNC1LI1;DYNC1LI2;CLIP1;DAAM1;ZW10;ELMO2;PHIP;STAM2;ROPN1;PFN2;DDX4;ARHGEF26;SHMT2;ARHGEF28;TWF1;ARHGAP18;RASAL2;PIK3R1;ARHGAP15;RHOBTB1;SKA2;ARHGAP12;ARHGAP21;RHOT1;MYO6;ABL1;ABL2;ECT2;SRGAP1;STARD13;ACBD5;JAG1;RCC2;ARHGAP29;ARHGAP26;ARHGAP24;VANGL1;CCDC88A;ARHGAP32;ARHGAP31;DNMBP;COPS2;GRB2;NF2;CALM1;FERMT2;CDC42SE2;PICALM;ZNF512B;DOCK5;DOCK4;CDKN1B;SOWAHC;DOCK7;WASL;ARHGAP5;OSBPL11;RND3;SH3RF1;LRRC1;RND1;AKAP12;AKAP13;TUBA1B;YWHAQ;PPP2R5E;DBT;NCK2;ACTR3;ARHGEF11;NCOA2;PLEKHG1;PPP1R12A;ARHGEF12;DST;CCDC115;PPP2R5C;LRRC41;NIPSNAP2;ARHGAP10;PIK3CA;GFOD1;CDC42EP3;RHOJ;RAPGEF1;CDC42EP1;ARHGEF4;SOS1;SOS2;DBN1;RHOQ;ITGB3BP;DYNC1I2;ROCK1;SRF;AMIGO2;TRAK1;ADD3;FAM169A;TRAK2;PPP2CB;FZR1;PGRMC2;ARL13B;NHS;CTNNA1;FLNA;MAPK1;CKB;WHAMM;DYNC1I1;REPS1;RANBP2;NDUFA5;KIDINS220;USP9X;MCF2;ERBIN;CDC42BPA;KTN1;SLC4A7;FMNL2;TAOK3;KANSL1;TAOK1;ABI1;CENPK;RAB9A;FILIP1;GOPC;PKN2;VIM;CENPP;RBMX;NUP37,11.23365,164/660
Extracellular Matrix Organization R-HSA-1474244,1.795587e-09,Up,Reactome_2022,COL16A1;ITGA2B;ICAM2;LOXL4;ICAM5;LOXL1;ICAM1;LOXL2;COMP;CAPN8;EFEMP2;CAPNS2;TNN;COL27A1;COL23A1;P3H2;P3H1;PCOLCE;P3H3;HSPG2;ADAM15;COL4A2;LOX;COL4A4;ADAM12;COL8A2;ADAM8;FBN3;COL13A1;SDC4;PDGFB;HTRA1;LTBP4;PDGFA;FBLN1;SMIM6;FBLN2;NID2;KLK7;FBLN5;ADAMTS14;SCUBE1;SERPINH1;ELANE;BMP7;BMP4;COL5A1;P4HA1;P4HA2;COL5A3;ITGA11;COL20A1;SDC1;COL9A3;COL9A2;ITGB1;COL18A1;ITGAM;ITGB5;LAMC3;ITGB2;LAMC2;CTSV;ITGAL;ADAMTS2;MMP24;SH3PXD2A;CTSK;MMP28;ITGAX;ITGB7;MADCAM1;TIMP1;TPSAB1;CTSD;ADAMTS9;CTSB;COL25A1;ITGA3;MMP1;MMP2;MMP3;BGN;MMP9;MMP11;MMP14;MMP13;ITGAD;MMP15;COL6A2;COL6A1;MATN1;PECAM1;MMP19;COL6A3;ITGA7;CD47;ITGA5;MATN3;PLEC;LAMA5;COL15A1;TNXB;PCOLCE2;TMPRSS6;LAMA1;ACAN;TNNI3;COL26A1;LAMB3;CAPN13;COL3A1;CAPN11;CAPN12;COL7A1;AGRN,67.20291,116/291
Collagen Formation R-HSA-1474290,7.754364e-06,Up,Reactome_2022,COL18A1;COL15A1;COL16A1;COL13A1;PCOLCE2;LOXL4;LAMC2;CTSV;LOXL1;LOXL2;ADAMTS2;ADAMTS14;MMP28;SERPINH1;CTSB;COL26A1;COL27A1;LAMB3;COL25A1;COL23A1;MMP3;P3H2;P3H1;PCOLCE;P3H3;MMP9;COL3A1;MMP13;COL4A2;LOX;COL5A1;P4HA1;P4HA2;COL4A4;COL6A2;COL5A3;COL7A1;COL6A1;COL8A2;COL20A1;COL6A3;COL9A3;COL9A2;PLEC,64.48688,44/90
Collagen Degradation R-HSA-1442490,8.820572e-05,Up,Reactome_2022,COL18A1;COL15A1;COL26A1;COL16A1;COL13A1;TMPRSS6;COL25A1;MMP1;MMP2;COL23A1;MMP3;MMP9;MMP11;MMP14;MMP13;MMP15;CTSK;MMP28;MMP19;COL9A3;COL9A2;CTSD;ELANE;CTSB,85.35743,24/40
Assembly Of Collagen Fibrils And Other Multimeric Structures R-HSA-2022090,0.0004415345,Up,Reactome_2022,COL18A1;COL15A1;LOXL4;LAMC2;CTSV;LOXL1;LOXL2;MMP28;CTSB;COL27A1;LAMB3;MMP3;PCOLCE;MMP9;COL3A1;MMP13;COL4A2;LOX;COL5A1;COL4A4;COL6A2;COL5A3;COL7A1;COL6A1;COL8A2;COL6A3;COL9A3;COL9A2;PLEC,51.79981,29/57
Integrin Cell Surface Interactions R-HSA-216083,0.00135579,Up,Reactome_2022,ITGB1;COL18A1;COL16A1;ITGAM;ITGB5;COL13A1;ITGA2B;ITGB2;ICAM2;ICAM5;ITGAL;ICAM1;COMP;ITGAX;ITGB7;MADCAM1;TNNI3;ITGA3;COL23A1;HSPG2;COL4A2;ITGAD;COL4A4;ITGA11;PECAM1;ITGA7;COL9A3;CD47;ITGA5;COL9A2;AGRN,39.95948,31/66
